noct,nopt,a,b,h0,hsup
7611,1,0,0,0,400
7611,2,1.445e-07,1.9123,309,1000
7612,1,0,0,0,19
7612,2,3.062e-07,2.5566,18,287
7612,3,0.001376,1.2208,162,401
7613,1,0,0,0,19
7613,2,1.082e-06,2.2051,18,78
7613,3,2.619e-08,2.9786,6,161
7613,4,0.0001911,1.502,102,287
7613,5,4.165e-06,2.1172,39,402
7614,1,0,0,0,39
7614,2,9.433e-07,2.2402,38,589
7614,3,8.823e-05,1.6074,197,759
7615,1,0,0,0,39
7615,2,5.99e-07,2.3107,38,332
7615,3,2.419e-05,1.7833,134,501
7615,4,0.005728,0.9641999999999999,309,576
7615,5,0.000314,1.4245,239,759
7616,1,0,0,0,300
7616,2,0.0002146,1.4893,277,644
7616,3,0.00278,1.1334,399,824
7616,4,0.002028,1.1856,399,1306
7617,1,0,0,0,300
7617,2,0.0002146,1.4893,277,644
7617,3,0.00278,1.1334,399,824
7617,4,0.002028,1.1856,399,1306
7618,1,0,0,0,0
7618,2,3.635e-06,1.8308,-111,600
7619,1,0,0,0,0
7619,2,2.328e-08,2.7676,-90,54
7619,3,8.835999999999999e-15,5,-248,94
7619,4,0.0001875,1.256,21,257
7619,5,3.755e-05,1.502,-24,602
7620,1,0,0,0,80
7620,2,8.175999999999999e-06,1.7832,79,263
7620,3,3.019e-14,5,-49,295
7620,4,1.164e-06,2.455,176,401
7621,1,0,0,0,80
7621,2,7.461e-06,0.5175999999999999,79,179
7621,3,5.761e-05,0.5175999999999999,178,210
7621,4,7.314e-09,3.3301,209,262
7621,5,7.089e-13,4.9825,171,285
7621,6,1.393e-07,2.7814,226,341
7621,7,6.816e-13,4.9825,176,393
7622,1,0,0,0,100
7622,2,1.463e-07,2.627,-26,390
7622,3,0.0004597,1.4316,159,495
7622,4,2.125e-11,3.7064,-406,602
7623,1,0,0,0,100
7623,2,1.276e-14,5,-211,187
7623,3,2.418e-14,5,-163,298
7623,4,0.001932,1.2208,203,334
7623,5,0.004769,1.0691,221,388
7623,6,0.01067,0.9395,245,495
7623,7,9.412999999999999e-05,1.6437,77,600
7624,1,0,0,0,100
7624,2,3.612e-06,1.9087,39,700
7625,1,0,0,0,100
7625,2,2.914e-15,5,-234,143
7625,3,1.979e-06,2.0452,48,220
7625,4,3.612e-06,1.9087,39,700
7626,1,0,0,0,139
7626,2,0.0003103,0.9993,139,181
7626,3,0.000198,1.1152,138,234
7626,4,7.092e-12,3.8178,-104,418
7627,1,0,0,0,140
7627,2,0.0002029,1.045,90,179
7627,3,7.601e-07,2.0645,34,230
7627,4,1.666e-09,2.9682,-79,418
7628,1,0,0,0,141
7628,2,1.097e-15,5,-223,189
7628,3,6.232e-10,3.0779,-50,253
7628,4,2.109e-15,5,-166,417
7629,1,0,0,0,300
7629,2,2.376e-09,3.0488,156,1083
7630,1,0,0,0,300
7630,2,1.043e-05,1.8425,261,598
7630,3,7.132e-05,1.5372,292,743
7630,4,1.471e-16,4.9825,-717,872
7630,5,1.504e-16,4.9825,-710,943
7630,6,2.375e-16,5,-528,1018
7630,7,7.528e-16,4.9825,-240,1071
7631,1,0,0,0,469
7631,2,3.071e-05,1.5372,468,629
7631,3,4.991e-06,1.8534,448,884
7632,1,0,0,0,469
7632,2,2.483e-05,1.5723,468,630
7632,3,1.208e-05,1.7251,473,884
7633,1,0,0,0,400
7633,2,0.0001166,1.5722,362,1206
7634,1,0,0,0,400
7634,2,2.714e-07,2.5292,294,477
7634,3,0.0001857,1.5212,398,610
7634,4,0.000676,1.3263,434,1206
7635,1,0,0,0,0
7635,2,8.708999999999999e-05,1.1158,-9,86
7635,3,1.058e-07,2.4864,-29,199
7635,4,3.179e-06,1.9172,5,658
7636,1,0,0,0,0
7636,2,6.002e-08,2.381,-59,75
7636,3,6.084e-15,5,-183,198
7636,4,0.0001212,1.3258,106,293
7636,5,8.475e-07,2.143,35,467
7636,6,2.133e-05,1.6838,134,650
7637,1,0,0,0,280
7637,2,2.234e-05,1.5722,269,379
7637,3,8.598e-05,1.5151,325,575
7637,4,7.553e-08,2.5435,148,1109
7638,1,0,0,0,254
7638,2,1.335e-06,1.9942,253,274
7638,3,0.0005639,0.5175999999999999,271,343
7638,4,8.84e-10,3.3653,242,534
7638,5,0.0009990999999999999,1.1692,451,606
7638,6,1.781e-05,1.8123,367,1095
7639,1,0,0,0,0
7639,2,0.0002635,1.6074,-1,134
7639,3,0.0001301,1.7925,13,288
7639,4,0.02858,0.852,47,490
7639,5,0.004985,1.08,-127,1402
7640,1,0,0,0,0
7640,2,4.71e-06,2.2403,-55,88
7640,3,8.222e-06,2.2079,-31,229
7640,4,0.02389,0.9399999999999999,131,300
7641,1,0,0,0,47
7641,2,1.754e-11,3.8574,-291,139
7641,3,2.195e-14,5,-271,156
7641,4,1.061e-07,2.9082,-11,166
7641,5,8.346e-13,4.9824,-51,198
7642,1,0,0,0,100
7642,2,7.776e-07,2.5338,-11,200
7643,1,0,0,0,201
7643,2,0.0004209,1.502,169,316
7643,3,0.0061,1.0439,214,421
7643,4,0.001631,1.2549,180,1003
7644,1,0,0,0,199
7644,2,1.67e-11,3.752,-345,268
7644,3,9.801e-15,5,-278,315
7644,4,0.00287,1.1687,203,423
7644,5,0.00208,1.2225,197,608
7644,6,0.00208,1.2225,197,1003
7645,1,0,0,0,200
7645,2,1.038e-05,1.9711,55,548
7646,1,0,0,0,200
9869,5,0.0001827,1.5086,125,1002
9870,1,0,0,0,0
9870,2,0.000138,1.4499,0,500
9872,1,0,0,0,400
9872,2,9.272000000000001e-05,1.8185,114,958
9872,3,3.887e-16,5,-1230,1225
9872,4,5.534e-07,2.5567,106,1589
9872,5,4.169e-05,2.126,735,2513
9888,1,0,0,0,398
9874,1,0,0,0,400
9874,2,0.2687,0.5175999999999999,302,539
9874,3,0.0003114,1.6459,199,777
9874,4,0.07117999999999999,0.9044,516,1034
9874,5,1.784e-13,4.3738,-603,1651
9874,6,1.66e-05,2.2403,678,2503
9875,1,0,0,0,402
9875,2,1.391e-16,4.9825,-1586,740
9875,3,4.419e-06,2.2695,160,1243
9875,4,2.232e-14,4.5898,-790,1573
9875,5,2.161e-05,2.2095,701,2500
9876,1,0,0,0,395
9876,2,3.93e-16,5,-1204,1357
9876,3,8.04e-16,5,-862,1742
9876,4,5.129e-10,3.4778,0,2496
9888,2,9.431000000000001e-16,4.9825,-838,746
9888,3,0.0007438,1.5926,399,1059
9888,4,5.824e-12,3.9102,-608,1281
9888,5,5.762e-13,4.2668,-446,1929
9888,6,0.001362,1.6997,1016,2507
9944,1,0,0,0,3
9944,2,2.411e-07,2.3358,3,200
9944,3,5.116e-05,1.3966,52,300
9944,4,8.694e-10,2.9775,-232,398
9944,5,1.543e-05,1.6509,101,503
9944,6,7.242e-17,5,-828,597
9944,7,5.998e-06,1.7833,73,699
9944,8,8.5e-17,4.9825,-808,803
9944,9,1.436e-16,4.9825,-648,852
9944,10,2.012e-16,4.9825,-549,902
9944,11,1.363e-16,5,-628,999
9944,12,0.0008132,1.3614,742,1404
9944,13,0.005069,1.1454,948,1600
9944,14,4.153e-17,4.9825,-1380,1801
9944,15,2.127e-17,4.9572,-1993,1996
9944,16,0.0001809,1.5783,689,2496
9944,17,0.02716,0.9747,1397,2854
9945,1,0,0,0,3
9945,2,1.584e-06,1.9239,2,200
9945,3,1.817e-16,5,-545,300
9945,4,9.422999999999999e-16,5,-308,400
9945,5,1.047e-16,5,-699,500
9945,6,6.557e-17,5,-816,600
9945,7,5.346e-17,5,-875,700
9945,8,0.04408,0.5407,605,800
9945,9,0.01134,0.8275,638,852
9945,10,2.012e-16,4.9825,-549,900
9945,11,1.72e-16,4.9825,-596,1000
9945,12,0.0008228000000000001,1.3598,743,1404
9945,13,0.005069,1.1454,948,1600
9945,14,4.153e-17,4.9825,-1380,1801
9945,15,2.127e-17,4.9572,-1993,2000
9945,16,0.0001809,1.5783,689,2500
9945,17,0.02716,0.9747,1397,2854
9953,1,0,0,0,0
9953,2,3.5e-05,1.6805,0,99
9953,3,7.726e-05,1.5514,12,505
9953,4,0.001735,1.1505,220,1006
9953,5,6.841e-05,1.5927,66,1754
9953,6,1.27e-18,4.9825,-4378,1995
9953,7,1.639e-08,2.5919,-593,2503
9953,8,5.912e-08,2.4618,-309,3004
9953,9,3.386e-18,4.9825,-3232,3118
9957,1,0,0,0,107
9957,2,0.0005398,0.9444,107,129
9957,3,0.0003098,1.2208,112,153
9957,4,0.008787,0.5004999999999999,142,166
9957,5,0.01149,0.5175999999999999,153,184
9957,6,0.01476,0.5006,162,196
9957,7,0.003689,0.8341,152,220
9957,8,1.568e-14,4.9825,-169,244
9957,9,1.524e-14,5,-163,269
9957,10,0.0008064,1.256,179,315
9957,11,1.615e-05,1.9102,119,415
9957,12,3.954e-13,4.3672,-252,531
9957,13,0.006302,1.068,342,2203
9961,1,0,0,0,188
9961,2,0.01578,1.0828,177,189
9961,3,0.02002,1.0587,189,1500
9962,1,0,0,0,-215
9962,2,0.009788,1.0801,-217,-141
9962,3,0.003676,1.256,-232,-57
9962,4,0.004265,1.2203,-237,39
9962,5,0.103,0.7286,-116,127
9962,6,0.009988,1.0757,-236,428
9962,7,0.00422,1.1857,-321,1949
9963,1,0,0,0,119
9963,2,7.764999999999999e-06,1.8888,118,2045
9964,1,0,0,0,129
9964,2,2.073e-07,2.4513,128,149
9964,3,6.858e-06,1.9189,149,150
9964,4,7.931000000000001e-06,1.8862,139,2000
9965,1,0,0,0,50
9965,2,2.327e-05,1.7833,24,611
9965,3,0.006968,1.0098,337,920
9966,1,0,0,0,19
9966,2,2.31e-06,2.1383,19,1000
9967,1,0,0,0,500
9967,2,0.02193,0.7286,383,557
9967,3,1.222e-06,2.2051,90,644
9967,4,0.0001408,1.5482,267,1000
9968,1,0,0,0,500
9968,2,6.284e-08,2.5816,-51,900
9969,1,0,0,0,89
9969,2,4.824e-08,2.7857,89,191
9969,3,6.92e-06,1.9942,138,377
9969,4,0.000621,1.2911,232,789
9969,5,5.757e-17,5,-1281,903
9969,6,0.07393,0.6583,646,1000
16191,1,0,0,0,0
16191,2,2.025e-06,2.0294,-42,227
16191,3,4.375e-11,3.6466,-201,395
16191,4,6.606e-05,1.6426,144,1000
9970,1,0,0,0,200
9970,2,5.773e-05,1.6672,179,1000
9971,1,0,0,0,400
9971,2,3.385e-07,2.5386,354,1200
9972,1,0,0,0,300
9972,2,1.471e-11,4.0859,132,587
9972,3,7.183e-06,2.0997,296,2000
9973,1,0,0,0,100
9973,2,5.305e-08,2.6622,48,706
9973,3,1.88e-08,2.7676,-42,999
9974,1,0,0,0,0
9974,2,8.938e-08,2.5508,-1,800
9975,1,0,0,0,64
9975,2,0.0002779,1.4669,63,1000
9976,1,0,0,0,64
9976,2,0.0002285,1.4949,64,800
9977,1,0,0,0,200
9977,2,1.491e-06,2.0491,35,1772
9978,1,0,0,0,200
9978,2,8.806e-09,2.6973,-200,1686
9979,1,0,0,0,278
9979,2,0.01276,1.107,274,700
9980,1,0,0,0,284
9980,2,0.02226,1.0192,284,700
9981,1,0,0,0,0
9981,2,1.277e-07,2.5678,-171,700
9982,1,0,0,0,251
9982,2,0.001838,1.256,250,272
9982,3,0.0011,1.3614,247,326
9982,4,3.957e-13,5,72,353
9982,5,5.113e-13,5,86,395
9982,6,0.2398,0.5175999999999999,363,522
9982,7,0.2305,0.5004999999999999,317,775
9982,8,2.115e-18,4.9825,-4086,1150
9982,9,7.959e-10,2.9039,-1533,1689
9983,1,0,0,0,239
9983,2,4.258e-07,2.5399,239,249
9983,3,8.777e-07,2.4161,248,827
9983,4,8.43e-16,4.9825,-584,937
9983,5,1.846e-05,1.952,269,1203
9984,1,0,0,0,402
9984,2,0.001861,1.1505,388,422
9984,3,0.0008979,1.295,381,610
9985,1,0,0,0,29
9985,2,0.001212,1.0098,28,1166
9986,1,0,0,0,200
9986,2,7.143999999999999e-05,1.8185,188,794
9987,1,0,0,0,349
9987,2,0.0024,0.9488,349,447
9987,3,0.0001102,1.6646,360,624
9987,4,0.005094,1.0401,436,2000
9988,1,0,0,0,464
9988,2,0.005495,1.2097,407,3013
7646,2,0.0006594,1.256,113,253
7646,3,0.001102,1.1857,131,274
7646,4,3.629e-12,4.0948,-223,300
7646,5,3.989e-08,2.7979,-41,418
7646,6,0.01508,0.8647,272,480
7646,7,0.005436,1.045,261,550
7649,1,0,0,0,100
7649,2,4.765e-05,1.6778,73,390
7649,3,9.418999999999999e-12,3.8222,-321,556
7649,4,0.002966,1.1262,278,623
7649,5,0.0001513,1.5328,113,1002
7650,1,0,0,0,100
7650,2,4.765e-05,1.6778,73,390
7650,3,4.068e-09,3.0138,-163,557
7650,4,0.03282,0.7638,387,624
7650,5,0.0001827,1.5086,125,1002
7651,1,0,0,0,99
7651,2,1.007e-10,3.4664,-272,480
7651,3,4.273e-09,2.9478,-196,588
7651,4,5.089e-06,1.9797,18,697
7652,1,0,0,0,101
7652,2,3.891e-15,5,-304,167
7652,3,9.092999999999999e-06,1.8954,39,480
7652,4,6.373e-06,1.9619,50,588
7652,5,5.089e-06,1.9797,18,697
7653,1,0,0,0,101
7653,2,7.211e-09,2.9445,-98,401
7653,3,5.129e-06,2.0034,54,700
8021,1,0,0,0,19
8021,2,1.002e-07,2.7181,19,286
8021,3,0.0003811,1.4717,174,377
8021,4,0.004,1.1097,239,489
7594,1,0,0,0,109
7594,2,0.0001535,1.6074,108,499
7596,1,0,0,0,149
7596,2,5.585e-07,2.205,148,997
7597,1,0,0,0,200
7597,2,6.978e-07,2.2051,199,383
7597,3,3.628e-05,1.6118,275,436
9483,1,0,0,0,109
9483,2,0.0005581,1.3075,109,143
9483,3,0.0001747,1.5482,101,185
9483,4,0.0001535,1.6074,108,499
9868,1,0,0,0,100
9868,2,4.765e-05,1.6778,73,390
9868,3,9.418999999999999e-12,3.8222,-321,556
9868,4,0.002966,1.1262,278,623
9868,5,0.0001513,1.5328,113,1002
9869,1,0,0,0,100
9869,2,4.765e-05,1.6778,73,390
9869,3,4.068e-09,3.0138,-163,557
9869,4,0.03282,0.7638,387,624
7597,4,0.0004361,1.194,317,520
7597,5,0.002568,0.9044,364,597
7597,6,2.365e-11,3.5214,-180,650
7598,1,0,0,0,144
7598,2,6.293e-07,2.416,143,306
7598,3,2.079e-07,2.7934,184,418
7598,4,0.003802,1.1152,289,523
7598,5,0.000629,1.3515,181,701
7599,1,0,0,0,146
7599,2,6.255e-05,1.3263,119,275
7599,3,1.346e-13,4.9825,64,332
7599,4,0.004065,1.1148,304,423
7599,5,0.002149,1.2208,290,526
7599,6,0.00498,1.0801,306,634
7600,1,0,0,0,509
7600,2,9.422000000000001e-06,1.959,508,1201
7601,1,0,0,0,509
7601,2,3.731e-05,1.6069,509,594
7601,3,6.066e-06,2.0496,515,751
7601,4,9.915000000000001e-06,1.9525,510,1201
7602,1,0,0,0,0
7602,2,3.508e-07,2.7676,-39,140
7602,3,0.0004116,1.5722,37,199
7603,1,0,0,0,0
7603,2,0.001266,1.0801,-1,19
7603,3,8.647000000000001e-08,2.9924,-54,140
7603,4,0.0004116,1.5722,37,199
7604,1,0,0,0,139
7604,2,8.488e-07,2.0292,138,624
7604,3,1.908e-06,1.9348,191,752
7604,4,3.913e-05,1.502,288,985
7605,1,0,0,0,104
7605,2,2.835e-07,2.2403,103,242
7605,3,1.878e-06,1.8156,86,397
7605,4,3.175e-16,5,-327,515
7605,5,8.627000000000001e-06,1.7328,252,803
7605,6,0.0003381,1.2225,422,965
7606,1,0,0,0,1000
7606,2,9.853999999999999e-08,2.6622,836,1311
7606,3,2.496e-15,5,432,1397
7606,4,8.768e-05,1.7128,1039,1497
7607,1,0,0,0,1000
7607,2,0.0003625,1.2911,936,1116
7607,3,0.04081,0.5175999999999999,1070,1134
7607,4,9.575e-15,5,617,1162
7607,5,9.840000000000001e-15,5,620,1242
7607,6,0.02845,0.7769,1155,1305
7607,7,0.0007406,1.3614,1051,1396
7607,8,0.008085999999999999,1.0219,1164,1498
7608,1,0,0,0,19
7608,2,2.166e-07,2.5918,18,489
7610,1,0,0,0,400
7610,2,0.0003417,1.4153,389,892
7610,3,0.0003512,1.3966,355,1101
9989,1,0,0,0,459
9989,2,0.0097,1.1384,459,3000
9990,1,0,0,0,24
9990,2,4.552e-07,2.4907,24,181
9990,3,6.321e-14,4.9825,-117,253
9990,4,4.619e-05,1.7909,96,422
9990,5,3.881e-05,1.8596,133,1001
9991,1,0,0,0,14
9991,2,4.842e-07,2.4864,13,801
9992,1,0,0,0,250
9992,2,9.67e-08,2.7325,-70,998
9993,1,0,0,0,0
9993,2,1.275e-06,2.3737,-11,1500
9994,1,0,0,0,91
9994,2,2.405e-06,1.9602,11,183
9994,3,4.663e-15,5,-233,215
9994,4,1.636e-05,1.8536,115,233
9994,5,0.001027,1.256,191,451
9995,1,0,0,0,89
9995,2,4.583e-07,2.5193,89,600
9999,1,0,0,0,1
9999,2,0.001722,1.2582,-57,183
9999,3,2.464e-15,4.9825,-768,278
9999,4,0.001124,1.3851,0,800
10000,1,0,0,0,0
10000,2,1.806e-06,2.2777,-231,1200
10001,1,0,0,0,230
10001,2,2.893e-14,4.9825,-30,274
10001,3,1.407e-06,2.337,173,333
10001,4,9.937000000000001e-05,1.6075,220,686
10002,1,0,0,0,189
10002,2,2.378e-05,1.7833,188,299
10002,3,7.214e-06,2.0326,187,411
10002,4,3.218e-05,1.7833,205,800
10003,1,0,0,0,1219
10003,2,0.001067,1.3263,1218,1428
10003,3,9.424000000000001e-05,1.7125,1169,1701
10003,4,0.004415,1.1888,1368,1912
10003,5,0.00204,1.2911,1311,2803
10004,1,0,0,0,1159
10004,2,0.0001184,1.6771,1159,3000
10005,1,0,0,0,1
10005,2,3.139e-08,2.627,-206,22
10005,3,1.662e-14,5,-290,55
10005,4,1.676e-13,4.8666,-197,136
10005,5,0.0004508,1.401,29,296
10005,6,0.001889,1.1857,76,501
10006,1,0,0,0,-2
10006,2,0.0008517,1.2208,-19,125
10006,3,2.23e-08,2.8342,-227,363
10006,4,0.0005211,1.391,42,616
10006,5,0.0002943,1.4669,8,801
10007,1,0,0,0,1
10007,2,1.21e-06,2.42,-47,9
10007,3,3.483e-06,2.2699,-37,1200
10008,1,0,0,0,0
10008,2,1.105e-06,2.5216,-148,2000
10009,1,0,0,0,89
10009,2,2.615e-07,2.5465,89,800
10010,1,0,0,0,79
10010,2,5.488e-07,2.3067,79,433
10010,3,1.532e-10,3.558,-15,587
10010,4,6.989e-08,2.672,79,1203
10011,1,0,0,0,79
10011,2,3.289e-08,2.6863,79,584
10011,3,4.577e-15,5,-82,795
10011,4,0.003904,1.2208,605,1053
10012,1,0,0,0,494
10012,2,2.985e-16,4.9825,-249,658
10012,3,3.12e-09,2.9435,240,799
10012,4,0.00037,1.2577,550,1222
10013,1,0,0,0,500
10013,2,1.587e-09,3.0841,326,1016
10013,3,2.759e-05,1.713,583,1502
10014,1,0,0,0,639
10014,2,3.189e-06,2.1348,638,800
10014,3,1.105e-13,5,527,942
10014,4,0.001959,1.3966,834,1200
10015,1,0,0,0,0
10015,2,1.258e-07,2.5761,-61,800
10016,1,0,0,0,389
10016,2,1.414e-07,2.5686,389,1000
10017,1,0,0,0,0
10017,2,1.02e-08,2.5825,-501,1500
10018,1,0,0,0,0
10018,2,1.826e-07,2.5895,-21,1000
10019,1,0,0,0,389
10019,2,0.0004902,1.599,389,1000
10020,1,0,0,0,150
10020,2,6.68e-06,1.6464,150,298
10020,3,2.409e-14,5,45,490
10020,4,8.009e-05,1.6508,310,617
10020,5,0.0006384,1.3075,334,1112
10023,1,0,0,0,239
10023,2,0.003711,1.4965,238,1208
10023,3,0.06497,1.1401,534,1910
10023,4,0.03425,1.2208,469,3460
10023,5,0.0113,1.3597,473,4981
10024,1,0,0,0,99
12675,1,0,0,0,64
12675,2,4.894e-08,2.5502,64,245
12675,3,2.769e-07,2.4963,144,730
10024,2,4.605e-05,1.8888,98,239
10024,3,0.0009381,1.3966,146,406
10024,4,0.002497,1.2454,173,556
14891,1,0,0,0,-93
10026,1,0,0,0,188
10026,2,0.000619,1,188,209
10026,3,1.786e-05,1.7387,165,1202
10027,1,0,0,0,192
10027,2,2.285e-08,2.9435,191,411
10027,3,0.0001028,1.5097,271,1147
10028,1,0,0,0,4
10028,2,7.112e-10,3.1428,-223,97
10028,3,8.357000000000001e-15,5,-267,163
10028,4,2.725e-14,5,-176,250
10028,5,1.127e-14,5,-259,330
10028,6,0.00117,1.2917,174,496
10028,7,0.00325,1.1654,245,1222
10031,1,0,0,0,101
10031,2,6.219e-05,1.3966,89,193
10031,3,2.862e-14,5,-77,273
10031,4,9.291e-05,1.5734,164,699
10038,1,0,0,0,144
10038,2,0.0026,0.5004999999999999,137,158
10038,3,4.587e-10,3.4357,14,334
10038,4,0.0004204,1.4283,263,758
10038,5,0.0001161,1.6075,206,1202
10042,1,0,0,0,0
10042,2,1.745e-06,2.2755,-1,4
10042,3,4.951e-07,2.5567,3,210
10042,4,2.167e-05,1.9591,57,409
10042,5,0.0001451,1.6685,97,703
10046,1,0,0,0,901
10046,2,1.373e-05,2.0623,844,978
10046,3,0.0009821999999999999,1.3263,897,1500
10050,1,0,0,0,129
10050,2,7.753e-07,2.3458,128,324
10050,3,8.158e-15,5,-145,515
10050,4,2.266e-05,1.915,245,1000
10054,1,0,0,0,200
10054,2,3.334e-16,4.9825,-860,298
10054,3,1.598e-14,5,-223,402
10054,4,0.0005765,1.5482,240,802
10055,1,0,0,0,0
10055,2,3.519e-05,1.9172,-86,300
10056,1,0,0,0,300
10056,2,0.000228,1.3966,255,406
10056,3,8.736e-08,2.6276,118,798
10057,1,0,0,0,75
10057,2,0.0006368,0.9828,75,264
10057,3,1.695e-07,2.2508,-118,800
10057,4,1.008e-05,1.7163,88,1833
10058,1,0,0,0,12
10058,2,7.332e-05,1.5372,7,34
10058,3,0.0006753,1.045,18,56
10058,4,0.0002064,1.3263,13,77
10058,5,0.0003444,1.2735,26,111
10058,6,0.001012,1.0669,38,222
10058,7,0.001253,1.045,55,458
10058,8,4.593e-05,1.502,-129,1006
10059,1,0,0,0,-1
10059,2,1.155e-05,1.7833,-75,0
10059,3,1.207e-06,2.0997,-116,145
10059,4,0.02602,0.5004999999999999,115,257
10059,5,0.0001585,1.502,101,374
10059,6,0.0006865,1.2988,161,821
10059,7,8.629e-08,2.4475,-407,2000
10060,1,0,0,0,0
10060,2,6.934e-06,1.9172,-66,1503
10061,1,0,0,0,24
10061,2,1.253e-07,2.5386,24,34
10061,3,3.063e-09,3.2922,34,217
10061,4,0.000364,1.2911,148,357
10061,5,4.715e-05,1.6909,159,592
10061,6,6.790000000000001e-08,2.5969,-54,2000
10062,1,0,0,0,100
10062,2,0.0005705,0.9395,86,158
10062,3,7.427e-06,1.9376,83,287
10062,4,3.111e-06,2.0997,82,1512
10063,1,0,0,0,0
10063,2,0.0005761,1.1064,-7,116
10063,3,2.398e-15,4.9825,-444,258
10063,4,3.351e-15,5,-384,329
10063,5,0.0001849,1.5718,155,600
10064,1,0,0,0,249
10064,2,6.501e-15,5,-250,291
10064,3,9.636000000000001e-10,3.4708,11,402
10064,4,4.507e-06,2.2073,142,651
10065,1,0,0,0,0
10065,2,6.64e-12,3.9986,-295,268
10065,3,7.973e-05,1.6844,56,802
10066,1,0,0,0,779
10066,2,4.798e-05,0.5175999999999999,778,856
10066,3,2.539e-08,2.7368,856,948
10066,4,2.266e-05,1.6778,920,1246
10066,5,0.0006106,1.2428,1071,2527
10067,1,0,0,0,851
10067,2,4.246e-17,4.9825,-356,1131
10068,1,0,0,0,49
10068,2,1.974e-07,2.6451,49,188
10068,3,0.0005919,1.2911,138,287
10068,4,0.001148,1.1857,154,1002
10069,1,0,0,0,100
10069,2,0.04461,1.1505,55,1489
10070,1,0,0,0,0
10070,2,0.0001281,1.2762,-18,93
10070,3,1.287e-07,2.4864,-87,352
10070,4,0.0002125,1.3948,99,1000
10071,1,0,0,0,3
10071,2,2.841e-06,1.9239,2,199
10071,3,2.392e-07,2.4513,25,581
10071,4,2.206e-15,5,-316,786
10071,5,0.004214,1.2208,536,1002
10072,1,0,0,0,339
10072,2,1.481e-06,2.385,339,349
10072,3,4.18e-06,2.2666,349,491
10072,4,3.174e-05,1.902,365,1172
10072,5,2.485e-13,4.1639,-711,1301
10073,1,0,0,0,100
10073,2,0.0006147,1.3263,78,194
10073,3,0.001329,1.2208,101,249
10073,4,0.005256,1.0137,143,334
10073,6,0.107,0.5004999999999999,229,523
10073,7,0.1118,0.5004999999999999,254,727
10073,8,4.632e-08,2.3287,-1342,995
10073,9,0.001129,1.1505,-18,1199
10073,5,0.05203,0.6232,204,422
10074,1,0,0,0,469
10074,2,5.486e-07,2.381,468,1301
10075,1,0,0,0,809
10075,2,1.602e-08,2.627,808,1564
10075,3,0.001395,1.0801,1296,1777
10075,4,0.0008602,1.1709,1327,1996
10076,1,0,0,0,100
10076,2,3.107e-05,1.6014,100,797
10076,3,3.845e-17,4.9825,-1215,1199
10076,4,4.097e-17,4.9825,-1184,1406
10077,1,0,0,0,149
10077,2,4.782e-07,2.4687,149,199
10077,3,0.0001622,1.3795,184,209
10077,4,2.433e-06,2.2051,158,556
10077,5,0.111,0.5154,433,803
10077,6,0.02913,0.6758999999999999,146,950
10077,7,0.1027,0.5175999999999999,409,1600
10078,1,0,0,0,169
10078,2,2.915e-06,2.182,169,209
10078,3,6.153e-06,2.0645,175,569
10078,4,0.05605,0.6232,394,684
10078,5,0.09497,0.5308,394,795
10078,6,0.02298,0.7116,156,1158
10078,7,1.977e-05,1.5372,-1260,2000
10079,1,0,0,0,189
10079,2,0.0001931,1.5372,188,402
10079,3,0.000571,1.3708,216,1000
10080,1,0,0,0,997
10080,2,3.006e-18,4.9825,-1295,1439
10081,1,0,0,0,200
10081,2,4.016e-10,3.6955,113,400
10081,3,0.0001084,1.6861,253,459
10081,4,0.0001084,1.6861,253,668
10081,5,0.0001084,1.6861,253,1000
10082,1,0,0,0,50
10082,2,0.0002996,1.2311,50,100
10082,3,0.0003205,1.2911,60,438
10082,4,0.0001649,1.3966,49,1112
10082,5,0.0001684,1.4027,96,1298
10083,1,0,0,0,155
10083,2,0.0002736,1.3263,137,957
10083,3,3.676e-10,3.0182,-726,1300
10084,1,0,0,0,100
10084,2,0.006142,1.045,99,205
10084,3,0.00642,1.0379,100,495
10084,4,0.006144,1.045,99,799
10085,1,0,0,0,9
10085,2,2.92e-07,2.5517,9,900
10086,1,0,0,0,0
10086,2,0.0035,1.256,-59,865
10086,3,0.8636,0.5175999999999999,488,1453
10086,4,5.008e-05,1.6426,-1858,3007
12675,4,1.923e-07,2.5502,139,1200
12675,5,1.621e-07,2.5502,64,1500
13007,1,0,0,0,64
13007,2,0,0,63,289
13007,3,0.0002281,1.4822,289,350
13007,4,9.639e-05,1.6239,277.6,673
13007,5,0.000714,1.3641,388.4,1500
14097,1,0,0,0,64
14097,2,4.894e-08,2.5502,64,245
14097,3,2.769e-07,2.4963,144,730
14097,4,1.923e-07,2.5502,139,1200
14097,5,1.621e-07,2.5502,64,1500
14098,1,0,0,0,64
14098,2,0,0,63,289
14098,3,0.0002281,1.4822,289,350
14098,4,9.639e-05,1.6239,277.6,673
14098,5,0.000714,1.3641,388.4,1500
14412,1,0,0,0,277
14412,2,0.01564,1,263,737
14412,3,0.02644,1,457,1198
14891,2,7.692e-05,1,-93,-80
14891,3,6.25e-05,1,-96,-61
14891,4,6.25e-05,1,-96,-48
14891,5,0.001524,0.5004999999999999,-51.9,0
14891,6,0.011,0,-1,15
14412,4,0.03986,1,706,1632
14412,5,0.05426,1,952,2043
14412,6,0.06243,1,1095,2413
14412,7,0.1165,1,1707,2831
16783,1,0,0,0,330
16783,2,8.969e-06,2.0079,224,485
14412,8,0.1334,1,1849,3438
17148,1,0,0,0,250
17148,2,1.251e-07,2.5733,64,995
17148,3,0.0009855,1.411,545,2515
17148,4,0.05024,0.9842,1541,3431
17148,5,0.05276,1,1833.3,3956
17148,6,0.06408,1,2208.1,4471
14412,9,0.2171,1,2462,3742
14412,10,0.2821,1,2757,4093
14412,11,0.2891,1,2789,4387
14413,1,0,0,0,253
14413,2,0.002204,1,106,478
14413,3,0.006636,1,355,665
14413,4,0.02466,1,582,856
14413,5,0.01933,1,506,1049
14413,6,0.03868,1,778,1292
14413,7,0.03738,1,760,1498
14413,8,0.04407,1,872,1768
14413,9,0.06324,1,1143,1836
14413,10,0.06777,1,1190,2047
14413,11,0.06555999999999999,1,1161,2317
14413,12,0.09,1,1475,2457
14413,13,0.1215,1,1729,2643
14413,14,0.1127,1,1658,2856
14413,15,0.1218,1,1748,3094
14413,16,0.1376,1,1902,3421
14413,17,0.2036,1,2395,3588
14413,18,0.2538,1,2631,3852
14413,19,0.2786,1,2739,4132
14413,20,0.3031,1,2852,4386
14891,7,5.552e-05,1.6586,-10.6,79
14891,8,5.47e-05,1.6586,-11.4,201
14891,9,5.75e-15,5,-384.6,366
14891,10,7.632e-05,1.6927,40,1370
14967,1,0,0,0,192
14967,2,0.0003805,1.7209,-113,375
14967,3,1.684e-06,2.3776,-489,590
14967,4,0.0001877,1.7209,-410,844
14967,5,3.565e-17,5,-3236,1201
14967,6,6.267e-18,5,-5087,1629
14967,7,3.855e-17,5,-3036,1943
14967,8,0.001267,1.5805,550,2344
14967,9,0.0003153,1.7209,159,2857
14967,10,0.0003324,1.7209,241,3283
14967,11,0.1868,1,1527,4145
15314,1,0,0,0,-93
15314,2,7.692e-05,1,-93,-80
15314,3,6.25e-05,1,-96,-61
15508,1,0,0,0,332
15508,2,0.002528,1,332,474
15508,3,0.009571,1,436.5,635
15508,4,0.01245,1,482.4,921
15508,5,0.012,1,466,1051
15508,6,0.02377,1,755.7,1433
15314,4,6.25e-05,1,-96,-48
15314,5,0.001524,0.5004999999999999,-51.9,0
15314,6,0.011,0,-1,15
15314,7,5.552e-05,1.6586,-10.6,79
16783,3,0.0005694,1.4207,345,675
15314,8,4.022e-05,1.6586,-29.8,163
15314,9,0.00252,1.1026,98.8,361
15314,10,1.476e-15,5,-594.3,429
15314,11,0.01431,1.0524,337.9,470
15314,12,0.01892,1.0524,368.8,705
15314,13,0.002669,1.3094,226,3408
15508,7,0.02713,1,839.6,1691
15508,8,0.02892,1,892.1,1940
15508,9,0.03235,1,1003.3,2447
15508,10,0.03771,1,1208.6,2866
15508,11,3.334e-18,5,-4288.5,3318
15508,12,0.05654,1,1816.4,3815
15508,13,0.06026,1,1939.9,4346
15508,14,0.06995999999999999,1,2273.4,5318
15652,1,0,0,0,-93
15652,2,7.692e-05,1,-93,-80
15652,3,6.25e-05,1,-96,-61
15652,4,6.25e-05,1,-96,-48
15652,5,0.001524,0.5004999999999999,-52,0
15652,6,0.011,0,-1,15
15652,7,6.922e-15,5,-260.6,50
15652,8,4.032e-14,5,-168.3,70
15652,9,1.158e-12,5,-51.8,80
15652,10,0.001689,1,52.8,199
15652,11,0.0004878,1,-309,240
15652,12,0.002959,1.1026,180,362
15652,13,6.046e-15,5,-324,429
15652,14,0.018,1.0524,364,470
15652,15,0.01892,1.0524,369,705
15652,16,0.002669,1.3094,226,3408
15781,1,0,0,0,2028
15781,2,1.193e-08,2.5803,-4464.7,2437
15781,3,8.684e-07,2.2979,-728.1,2590
15781,4,1.684e-17,5,-3172.5,2882
15781,5,5.324e-06,2.2979,1203.6,3009
15781,6,3.908e-16,5,-329.2,3282
15781,7,0.318,1,2527.3,3521
15781,8,2.355e-16,5,-701.1,4009
15920,1,0,0,0,95
15920,2,1.153e-08,2.6171,-160.4,495
15920,3,1.416e-08,2.6171,-111,1473
16202,1,0,0,0,187
16202,2,7.143e-05,1,145,215
16202,3,2.694e-15,5,-69.3,280
16202,4,1.017e-14,5,12.2,332
15971,1,0,0,0,195
15971,2,6.667e-05,1,195,210
16783,4,0.01477,1,529,912
16783,5,0.001008,1.3917,418,1067
16783,6,0.001138,1.3917,472,1433
16821,1,0,0,0,272
16821,2,3.782e-07,2.7757,250.1,366
15971,3,1.102e-14,5,54.5,284
15971,4,7.678000000000001e-15,5,37.4,358
15971,5,0.0004268,1,297,379
15971,6,2.309e-05,1.4491,222.4,400
15971,7,4.492e-05,1.4491,287.8,428
15971,8,0.0001239,1.4491,358.4,504
15971,9,0.0001224,1.4491,357.1,865
16202,5,4.097e-16,5.1983,-144,504
16202,6,0.0001224,1.4491,357.1,865
16246,1,0,0,0,187
16246,2,7.143e-05,1,145,215
16246,3,2.694e-15,5,-69.3,280
16246,4,5.087e-15,5,-27.6,333
16246,5,6.369000000000001e-17,5.1983,-336,519
16246,6,1.13e-06,2.0394,238,1328
16771,1,0,0,0,-93
16771,2,0,0,-94,0
16771,3,1.598e-06,2.2599,-11,1000
16771,4,0.003025,1.3094,518,3408
16783,7,0.02405,1,763,1695
16783,8,0.02759,1,883,1956
16783,9,0.02801,1,899,2495
16783,10,0.04132,1,1413,2950
16783,11,1.662e-18,5,-5300,3431
16783,12,0.05276,1,1833,3956
16783,13,0.06408,1,2208,4471
16783,14,0.06934,1,2380,5394
16788,1,0,0,0,284
16788,2,0.0002694,1.5316,284,362
16788,3,0.001908,1.3924,332.4,1048
16788,4,0.002643,1.3094,201.9,3408
16821,3,1.471e-07,2.7757,203.1,699
16821,4,8.369000000000001e-06,2.0059,-17,3408
16878,1,0,0,0,190
16878,2,6.446999999999999e-08,2.5042,159,1200
16963,1,0,0,0,209
16963,2,0.0001061,1,86.40000000000001,407
16963,3,0.0004856,1.0281,344.7,460
16963,4,0.0003481,1.5288,429.7,470
16963,5,0.0002083,1.5288,413.6,1400
17148,7,0.06934,1,2379.8,5394
17520,1,0,0,0,350
17520,2,0,0,349,359
17520,3,2.954e-07,2.5748,359,700
17520,4,2.364e-05,1.8327,369,1400
17521,1,0,0,0,350
17521,2,0,0,349,359
17521,3,0.0001429,1,359,422
17521,4,3.185e-15,5.4163,223,521
17521,5,1.44e-14,5.4163,295.6,540
17521,6,2.248e-14,5.4163,314.9,561
17521,7,1.683e-15,5.4163,163.8,588
17521,8,7.071e-16,5.4163,90.09999999999999,701
17521,9,2.952e-05,1.8327,426.6,873
17521,10,2.37e-05,1.8327,370,1400
17555,1,0,0,0,-52
17555,2,0.319,0,-53,222
17555,3,0.001263,1.057,-16.1,510
17555,4,1.639e-07,2.5733,85.09999999999999,702
17555,5,1.639e-07,2.5733,85.2,847
17555,6,1.101e-07,2.5733,-42.2,994
17555,7,0.0009405,1.411,477.6,2515
17555,8,0.05024,0.9842,1541,3431
17555,9,0.05276,1,1833.3,3956
17555,10,0.06408,1,2208.1,4471
17555,11,0.06934,1,2379.8,5394
17609,1,0,0,0,208
17609,2,0.0002269,1.0043,208,260
17609,3,0.012,0,259,270
17609,4,0.001355,1.0043,260.5,299
17609,5,2.558e-07,2.7757,216.7,357
17609,6,5.745e-07,2.7757,252.2,386
17609,7,1.665e-07,2.7757,176.9,468
17609,8,9.018e-08,2.7757,105,600
17609,9,0.0002212,1.6396,287.8,3302
17610,1,0,0,0,208
17610,2,0.0002269,1.0043,208,260
17610,3,0.00128,1.0043,250.7,270
17610,4,0.0009464,1.0043,243.9,299
17610,5,1.605e-07,2.7757,201.7,357
17610,6,1.022e-06,2.7757,277.3,386
17610,7,1.665e-07,2.7757,176.9,468
17610,8,9.018e-08,2.7757,105,600
17610,9,0.0002212,1.6396,287.8,3302
