nosta,ladate,valeur
61,"04/12/86 09:14:00",0
61,"04/16/86 16:42:00",0
61,"05/05/86 09:33:00",-90
61,"08/30/86 17:03:00",0
61,"03/01/87 08:38:00",0
61,"03/17/87 11:35:00",-90
61,"04/11/87 10:55:00",-200
61,"05/14/87 06:41:00",-160
61,"07/13/87 13:56:00",0
61,"07/28/87 10:14:00",0
61,"02/15/93 12:01:00",0
61,"03/01/93 08:55:00",0
61,"03/10/93 17:15:00",-70
61,"03/29/93 10:23:00",-60
61,"05/06/93 05:51:00",-90
61,"05/29/93 15:12:00",0
61,"03/01/94 11:26:00",0
61,"03/15/94 19:29:00",-150
61,"05/09/94 09:14:00",-190
61,"06/18/94 19:03:00",-180
61,"07/12/94 02:24:00",-90
61,"09/16/94 19:50:00",0
61,"09/18/94 06:57:00",0
61,"06/17/95 09:31:00",0
61,"07/02/95 06:43:00",0
61,"08/04/95 03:00:00",-60
61,"08/31/95 15:54:00",-70
61,"09/28/95 01:53:00",0
61,"04/10/96 11:32:00",0
61,"04/29/96 12:44:00",-90
61,"06/28/96 05:23:00",0
61,"07/14/96 09:57:00",0
61,"06/05/01 00:00:00",0
61,"06/26/01 00:00:00",-70
1,"05/19/12 00:00:00",0
1,"06/27/12 00:00:00",-50
1,"06/30/14 00:00:00",-60
1,"10/27/10 13:30:00",-90
1,"11/08/10 15:30:00",0
1,"04/30/11 18:00:00",0
1,"06/06/11 12:40:00",-90
1,"07/13/11 00:00:00",-90
1,"08/29/12 00:00:00",-40
1,"05/15/10 11:11:00",0
1,"06/08/10 11:11:00",-40
112,"05/15/03 00:00:00",0
112,"06/04/03 00:00:00",-190
112,"08/27/03 08:45:00",-185
112,"09/10/03 08:15:00",-180
112,"09/26/03 08:30:00",-180
112,"11/15/03 00:00:00",0
112,"04/22/04 14:45:00",0
112,"05/15/04 00:00:00",0
112,"06/17/04 12:00:00",-280
112,"09/03/04 15:25:00",-260
112,"10/26/04 15:40:00",-170
112,"11/05/04 12:20:00",-170
112,"11/20/04 00:00:00",0
112,"05/15/05 00:00:00",0
112,"07/01/05 11:50:00",-370
112,"09/22/05 13:10:00",-190
112,"10/19/05 00:00:00",-190
112,"06/07/11 00:00:00",-240
112,"11/23/10 07:00:00",0
112,"03/31/11 00:00:00",0
112,"04/14/11 14:20:00",-45
112,"05/03/11 15:45:00",-125
112,"11/11/05 11:11:00",0
112,"05/11/06 11:11:00",0
112,"06/27/06 00:00:00",-270
112,"06/29/06 00:00:00",-230
112,"07/20/06 15:00:00",-220
112,"08/09/06 16:00:00",-160
112,"09/14/06 15:00:00",-170
58,"06/25/14 00:00:00",-30
58,"05/03/11 12:30:00",0
58,"06/09/09 11:11:00",-30
58,"05/11/08 11:11:00",0
58,"05/27/08 14:30:00",-16
58,"07/03/08 11:11:00",-40
58,"08/08/08 08:08:00",-52
58,"10/03/08 11:11:00",-25
58,"01/01/09 00:00:00",0
58,"04/28/09 11:11:00",-10
58,"03/29/09 11:11:00",0
58,"09/09/09 09:09:00",-30
58,"07/21/09 09:09:00",-45
58,"10/19/09 00:00:00",-40
58,"12/03/09 00:00:00",-15
58,"12/22/09 00:00:00",0
58,"04/20/10 00:00:00",0
58,"05/21/10 12:10:00",-10
58,"06/29/10 14:45:00",-20
58,"07/27/10 16:40:00",-40
58,"08/25/10 14:25:00",-20
58,"09/23/10 16:00:00",-10
58,"11/02/10 11:30:00",0
102,"03/11/07 00:00:00",0
102,"04/03/07 11:11:00",-10
102,"05/04/07 11:11:00",-30
102,"06/07/07 11:11:00",-70
102,"07/04/07 11:11:00",-140
102,"10/01/07 00:00:00",0
102,"04/01/08 00:00:00",0
102,"06/10/08 11:11:00",-150
102,"08/01/08 11:11:00",-90
102,"10/15/08 11:11:00",-30
102,"11/01/08 00:00:00",0
102,"04/09/09 11:11:00",0
102,"05/13/09 11:11:00",-10
58,"06/14/11 11:41:00",-24
58,"05/13/12 18:05:00",0
102,"06/05/09 11:11:00",-40
102,"07/02/09 11:11:00",-60
102,"09/08/09 11:11:00",0
102,"03/03/10 00:00:00",0
102,"05/03/10 11:11:00",-20
102,"07/28/10 11:11:00",-50
102,"08/23/10 11:11:00",-20
61,"07/11/01 00:00:00",-120
61,"08/24/01 00:00:00",-200
84,"04/15/85 13:23:00",0
84,"05/01/85 10:01:00",0
84,"06/02/85 09:07:00",-160
84,"11/27/85 14:13:00",-130
84,"12/29/85 21:44:00",0
84,"04/25/86 01:10:00",0
84,"05/12/86 22:43:00",-90
84,"06/08/86 09:43:00",-250
84,"08/01/86 20:28:00",-160
84,"08/21/86 10:43:00",-200
84,"08/22/86 12:51:00",0
84,"04/15/87 10:52:00",0
84,"05/26/87 00:38:00",-90
84,"08/04/87 15:20:00",-210
84,"09/25/87 17:32:00",-140
84,"11/06/87 19:32:00",0
84,"11/09/87 04:06:00",0
84,"04/07/90 04:35:00",0
84,"04/20/90 04:10:00",0
84,"05/04/90 13:58:00",-90
84,"06/03/90 02:02:00",-110
58,"11/24/11 00:00:00",-50
148,"07/01/05 13:30:00",-290
148,"04/22/04 11:00:00",0
148,"05/26/04 15:30:00",-80
148,"09/03/04 10:45:00",-170
148,"10/21/04 11:00:00",-170
148,"10/22/04 17:00:00",-60
148,"10/26/04 19:00:00",-40
148,"11/03/04 12:30:00",-100
148,"11/08/04 12:00:00",0
148,"04/19/05 15:40:00",0
148,"05/05/04 12:00:00",-20
148,"05/10/05 12:00:00",-20
148,"08/25/05 09:55:00",-220
148,"10/14/05 12:30:00",-160
148,"11/16/05 14:50:00",-120
148,"12/02/05 23:55:00",-110
148,"05/01/07 11:11:00",0
148,"01/01/06 11:00:00",0
148,"05/12/06 11:00:00",0
148,"07/20/06 10:00:00",-170
148,"08/09/06 11:00:00",-210
148,"09/14/06 11:00:00",-140
148,"11/16/06 16:00:00",-40
148,"12/01/07 11:11:00",0
148,"11/11/08 11:11:00",-220
148,"05/31/07 12:00:00",-160
148,"07/06/07 10:00:00",-210
148,"08/28/07 10:00:00",-130
148,"09/21/07 11:00:00",-130
148,"07/03/08 10:00:00",-210
148,"01/01/07 11:11:00",0
148,"05/11/08 11:11:00",0
148,"06/09/09 11:11:00",-260
148,"08/08/08 08:08:00",-245
148,"10/22/08 11:11:00",-180
148,"01/01/09 00:00:00",0
148,"04/28/09 11:11:00",-30
148,"04/01/09 11:11:00",0
61,"09/17/01 00:00:00",-100
61,"10/15/01 00:00:00",0
61,"04/01/02 00:00:00",0
61,"05/14/02 00:00:00",-250
61,"06/07/02 00:00:00",-260
61,"07/09/02 00:00:00",-150
61,"09/12/02 00:00:00",-120
56,"03/14/11 11:11:00",0
56,"04/14/11 11:11:00",-40
129,"06/10/14 00:00:00",-300
129,"05/01/14 00:00:00",0
129,"06/19/14 00:00:00",-340
129,"04/17/09 11:11:00",0
129,"06/15/09 11:11:00",-620
129,"08/05/09 11:11:00",-260
129,"09/15/09 11:11:00",-110
129,"07/12/08 11:11:00",-500
129,"05/16/08 11:11:00",0
129,"08/14/08 11:11:00",-550
129,"10/09/08 11:00:00",-160
129,"10/21/08 10:30:00",-110
129,"11/11/08 11:11:00",0
129,"12/22/09 11:11:00",0
129,"05/12/10 11:50:00",-40
129,"03/14/11 11:11:00",0
129,"04/14/11 11:11:00",-50
58,"07/12/11 05:34:00",-36
58,"08/12/11 22:35:00",-49
58,"10/20/11 15:28:00",-56
58,"05/26/14 06:38:00",-39
58,"07/28/14 16:40:00",-30
129,"05/03/11 11:11:00",-150
129,"06/28/10 11:15:00",-540
129,"07/27/10 15:00:00",-220
129,"08/25/10 10:25:00",-60
129,"09/23/10 12:30:00",-80
1,"08/04/10 11:11:00",-70
1,"08/24/10 11:11:00",-50
1,"07/25/14 00:00:00",-110
1,"07/31/12 11:11:00",-40
1,"11/23/11 12:45:00",-134
1,"12/06/11 00:00:00",0
1,"04/01/14 00:00:00",0
1,"05/19/14 00:00:00",-50
1,"07/01/14 00:00:00",-60
1,"09/24/12 00:00:00",-60
1,"11/06/12 00:00:00",-30
1,"12/04/12 00:00:00",0
1,"06/12/13 00:00:00",0
1,"07/25/13 00:00:00",-30
1,"08/27/13 00:00:00",-80
1,"10/08/13 00:00:00",0
1,"09/09/13 00:00:00",-60
1,"09/09/14 00:00:00",-30
37,"08/11/12 00:00:00",-50
37,"07/13/06 16:00:00",-50
37,"06/01/06 00:00:00",0
37,"07/19/06 00:00:00",-50
37,"11/01/06 00:00:00",0
37,"04/29/09 15:45:00",0
37,"06/03/09 11:50:00",-110
37,"07/07/09 15:14:00",-110
37,"06/23/14 00:00:00",-100
37,"10/10/10 10:10:00",0
37,"04/07/11 00:00:00",0
37,"05/05/11 16:15:00",-140
37,"06/01/11 15:30:00",-55
37,"08/28/12 00:00:00",-50
37,"08/11/09 14:05:00",-20
37,"09/11/09 10:40:00",0
37,"04/14/10 14:50:00",0
37,"05/05/10 16:00:00",-40
37,"06/08/10 11:11:00",-70
37,"08/04/10 14:30:00",-60
37,"07/12/10 11:11:00",-100
37,"08/24/10 14:50:00",-40
37,"09/24/10 14:50:00",-10
37,"06/22/11 14:00:00",-70
37,"07/27/11 09:30:00",0
112,"11/11/06 11:11:00",0
112,"04/24/07 16:00:00",-50
112,"04/11/07 11:11:00",0
112,"05/31/07 19:00:00",-150
112,"07/02/07 00:00:00",0
112,"08/28/07 13:00:00",-90
112,"09/21/07 11:00:00",-130
112,"11/11/07 11:11:00",0
112,"05/02/08 10:00:00",0
112,"07/03/08 15:00:00",-290
112,"06/09/09 11:11:00",-350
112,"07/21/09 11:11:00",-350
112,"09/09/09 11:11:00",-330
112,"08/08/08 08:08:00",-310
148,"09/09/09 09:09:00",-270
148,"07/21/09 11:11:00",-280
148,"10/19/09 11:11:00",-300
148,"12/03/09 11:11:00",-120
148,"12/22/09 11:11:00",0
148,"08/17/12 00:00:00",-180
148,"04/20/10 00:00:00",0
148,"05/21/10 15:25:00",-40
148,"06/29/10 12:00:00",-190
148,"07/27/10 10:15:00",-240
148,"08/25/10 15:40:00",-210
148,"09/23/10 17:15:00",-180
61,"10/10/02 00:00:00",0
61,"09/23/05 11:40:00",0
61,"07/19/06 12:00:00",-55
61,"08/23/06 12:05:00",-105
61,"12/07/06 15:00:00",-160
61,"12/17/06 00:00:00",0
56,"05/03/11 11:11:00",-70
56,"01/21/09 10:30:00",0
129,"12/09/10 14:05:00",0
129,"11/09/10 00:00:00",-250
131,"05/19/12 00:00:00",0
131,"06/30/14 00:00:00",0
131,"08/29/12 00:00:00",-50
131,"07/31/12 00:00:00",-40
131,"06/27/12 00:00:00",-50
1,"09/26/14 00:00:00",0
143,"03/07/12 00:00:00",0
143,"04/18/12 00:00:00",-50
37,"07/23/14 00:00:00",-110
37,"05/19/12 00:00:00",0
37,"06/27/12 00:00:00",-50
37,"09/24/12 00:00:00",-30
37,"04/01/14 00:00:00",0
112,"10/22/08 16:00:00",-180
112,"01/01/09 00:00:00",0
84,"06/28/90 12:14:00",-290
84,"07/09/90 20:13:00",-240
58,"12/06/11 00:00:00",0
148,"11/02/10 10:05:00",-180
148,"12/06/10 10:15:00",-40
148,"12/07/10 00:00:00",0
148,"02/28/11 23:00:00",0
58,"11/12/12 01:57:00",0
58,"08/31/13 01:41:00",-27
58,"10/29/13 12:35:00",0
58,"08/25/14 10:34:00",-41
58,"09/24/14 19:53:00",-53
58,"10/17/14 06:56:00",-30
148,"05/03/11 18:10:00",-90
148,"06/07/11 17:35:00",-240
112,"08/18/12 18:40:00",-210
61,"03/03/07 00:00:00",0
129,"12/07/10 00:00:00",-270
131,"09/20/12 00:00:00",-20
143,"06/28/12 00:00:00",-50
143,"04/30/11 00:00:00",0
143,"06/07/11 00:00:00",-180
37,"05/19/14 00:00:00",-40
112,"04/28/09 00:00:00",-120
84,"07/27/90 08:51:00",-130
60,"06/19/14 00:00:00",0
61,"04/05/07 11:50:00",-70
61,"07/26/07 09:55:00",-175
61,"08/28/07 16:20:00",-165
61,"05/28/98 00:00:00",-240
61,"06/23/98 00:00:00",-200
61,"07/29/98 00:00:00",-110
61,"08/30/98 00:00:00",0
61,"04/15/98 00:00:00",0
61,"04/20/00 00:00:00",0
56,"03/12/09 10:04:00",0
56,"05/05/09 12:05:00",-20
14,"04/01/14 00:00:00",-50
14,"03/01/14 00:00:00",0
14,"10/07/09 13:35:00",0
14,"06/09/14 11:11:00",-120
14,"09/06/08 11:00:00",0
14,"04/09/09 11:00:00",0
14,"04/24/09 11:00:00",-200
14,"05/07/09 11:00:00",-250
14,"05/11/09 11:00:00",-250
14,"06/04/09 11:00:00",-160
14,"06/10/09 11:00:00",-250
14,"06/30/09 11:00:00",-150
14,"04/01/05 00:00:00",0
14,"05/18/05 00:00:00",-180
14,"06/09/05 00:00:00",-210
14,"07/13/05 00:00:00",-110
14,"07/29/05 00:00:00",-30
14,"08/24/05 11:00:00",-30
14,"09/22/05 00:00:00",0
14,"06/01/06 11:30:00",0
14,"06/16/06 00:00:00",-100
14,"07/03/06 00:00:00",-140
14,"07/05/06 10:40:00",-100
14,"07/28/06 00:40:00",-60
14,"08/14/06 17:54:00",0
56,"06/11/09 09:50:00",-130
129,"07/24/14 00:00:00",-460
129,"06/07/11 00:00:00",-560
129,"07/07/11 00:00:00",-310
129,"08/03/11 00:00:00",-180
129,"05/26/12 00:00:00",0
129,"06/07/12 00:00:00",-330
131,"04/01/14 00:00:00",0
131,"05/19/14 00:00:00",-50
143,"09/20/11 00:00:00",-160
143,"11/22/11 00:00:00",-90
143,"12/06/11 00:00:00",0
143,"07/31/12 00:00:00",-70
143,"08/29/12 00:00:00",-100
143,"11/06/12 00:00:00",0
37,"07/01/14 00:00:00",-80
37,"11/06/12 00:00:00",0
37,"07/01/13 00:00:00",0
37,"07/25/13 00:00:00",-60
37,"09/04/13 00:00:00",-50
37,"10/08/13 00:00:00",0
37,"09/09/13 00:00:00",-30
53,"07/28/14 00:00:00",-10
112,"03/29/09 00:00:00",0
112,"10/19/09 00:00:00",-330
112,"12/03/09 00:00:00",-190
112,"12/22/09 00:00:00",0
112,"04/04/10 11:11:00",0
112,"04/20/10 15:15:00",-80
112,"05/21/10 10:30:00",-180
112,"06/18/10 00:00:00",-350
112,"08/25/10 11:30:00",-280
112,"06/29/10 10:00:00",-280
84,"08/19/90 12:04:00",-110
84,"09/24/90 12:27:00",-120
84,"10/29/90 16:00:00",0
84,"04/26/91 17:06:00",0
84,"05/19/91 04:49:00",-90
84,"06/13/91 11:57:00",-100
84,"07/02/91 19:24:00",-240
84,"08/11/91 01:33:00",-120
84,"10/02/91 08:32:00",0
84,"04/11/92 03:17:00",0
84,"05/02/92 04:49:00",-90
148,"07/07/11 17:00:00",-310
148,"04/07/12 00:00:00",0
148,"08/03/11 00:00:00",-320
148,"06/12/12 00:00:00",-90
148,"07/09/12 00:00:00",-140
148,"09/06/11 00:00:00",-330
148,"11/24/11 00:00:00",-230
148,"07/28/14 00:00:00",-100
148,"12/06/11 00:00:00",0
148,"10/11/12 00:00:00",-180
112,"08/02/14 03:35:00",-270
102,"10/01/10 00:00:00",0
102,"04/26/11 11:11:00",-50
102,"03/03/11 11:11:00",0
102,"05/24/11 11:11:00",-60
102,"07/06/11 11:11:00",-60
102,"08/10/11 11:11:00",-20
102,"09/13/11 00:00:00",-60
102,"11/23/11 11:11:00",-80
102,"12/05/11 11:11:00",0
102,"06/05/13 00:00:00",0
102,"06/13/13 00:00:00",-60
102,"08/07/13 11:11:00",-20
102,"10/08/13 11:11:00",0
102,"02/05/14 00:00:00",0
102,"03/18/14 00:00:00",-20
14,"07/23/09 11:00:00",0
14,"04/01/07 00:00:00",0
14,"05/04/07 00:00:00",-220
14,"06/04/07 00:00:00",-220
14,"06/26/07 00:00:00",-220
14,"06/27/07 00:00:00",0
14,"05/20/11 11:11:00",-160
14,"05/21/11 18:00:00",-70
14,"03/20/08 00:00:00",0
14,"04/08/08 16:00:00",-40
14,"05/14/08 11:00:00",-200
14,"06/11/08 11:00:00",-200
14,"07/16/08 11:00:00",-100
14,"08/06/08 00:00:00",-100
14,"10/21/09 00:00:00",-10
14,"05/04/11 11:11:00",-180
14,"04/01/10 00:00:00",0
14,"04/15/10 00:00:00",-20
14,"05/17/10 15:00:00",-120
14,"06/01/10 00:00:00",-150
14,"06/06/10 10:15:00",-190
14,"06/12/10 00:00:00",-230
14,"07/08/10 12:15:00",-190
14,"07/20/10 12:30:00",-100
14,"04/29/11 11:11:00",-160
14,"08/25/10 11:00:00",0
14,"10/20/10 10:15:00",0
14,"04/18/11 11:11:00",-120
14,"03/24/11 11:11:00",0
60,"03/27/14 00:00:00",0
58,"11/20/14 15:22:00",0
58,"04/30/15 19:52:00",0
102,"05/16/14 00:00:00",-30
102,"06/10/14 00:00:00",0
102,"08/12/14 00:00:00",-30
48,"12/05/11 11:11:00",0
48,"05/11/12 11:11:00",0
48,"07/01/12 11:11:00",-20
48,"06/09/06 00:00:00",0
48,"06/28/06 15:00:00",-110
48,"07/03/09 10:15:00",-30
48,"09/23/09 14:15:00",0
48,"05/03/10 11:40:00",-20
48,"07/20/10 15:25:00",-80
48,"05/01/09 00:00:00",0
48,"04/01/10 00:00:00",0
48,"07/21/06 00:00:00",-40
48,"08/10/06 15:50:00",0
48,"08/23/10 00:00:00",-50
48,"12/01/10 10:00:00",0
48,"09/29/10 00:00:00",-50
48,"08/10/11 00:00:00",-40
48,"09/13/11 00:00:00",-40
48,"07/06/11 11:11:00",0
48,"11/23/11 11:11:00",-60
48,"12/05/10 10:00:00",0
48,"06/13/13 00:00:00",-60
48,"12/06/12 00:00:00",0
48,"07/02/14 11:11:00",-10
48,"06/10/14 00:00:00",0
48,"06/05/13 00:00:00",0
48,"08/07/13 11:11:00",-30
48,"09/05/13 11:11:00",-20
48,"10/08/13 11:11:00",0
34,"10/13/09 10:35:00",-10
34,"04/26/00 09:45:00",-30
34,"04/08/99 00:00:00",0
34,"02/19/04 16:30:00",0
34,"11/10/99 08:25:00",-20
34,"12/07/99 09:05:00",-10
34,"01/18/00 08:25:00",0
34,"02/16/00 08:45:00",0
34,"03/14/00 08:15:00",-30
34,"08/24/00 09:40:00",-60
34,"10/10/00 08:20:00",-10
34,"02/13/01 12:15:00",-20
34,"06/14/01 07:50:00",-40
34,"07/17/01 08:00:00",-70
34,"08/30/01 07:50:00",-40
34,"10/18/01 13:45:00",-20
34,"11/14/01 08:45:00",0
34,"03/21/02 08:30:00",0
34,"09/10/99 09:50:00",-80
34,"05/13/02 07:45:00",-30
34,"06/20/02 07:50:00",-80
34,"07/31/02 14:30:00",-80
34,"09/05/02 08:15:00",-70
34,"02/12/03 07:30:00",-30
34,"04/18/03 16:10:00",-100
34,"05/21/03 09:30:00",-10
34,"08/21/03 08:20:00",-50
34,"09/04/03 09:00:00",-50
34,"09/09/03 12:20:00",-60
34,"09/25/09 14:55:00",-10
34,"05/27/04 09:15:00",-10
34,"10/21/04 10:30:00",0
34,"11/25/04 12:30:00",0
34,"01/11/05 14:57:00",0
34,"06/03/05 09:50:00",-10
34,"08/11/05 10:30:00",-100
34,"09/29/05 14:45:00",-30
34,"11/10/05 11:10:00",0
34,"04/20/06 09:55:00",0
34,"08/08/06 14:00:00",-100
34,"10/05/06 10:15:00",0
34,"04/19/07 12:30:00",0
34,"07/06/07 15:55:00",-100
34,"08/29/07 17:00:00",-30
34,"09/21/07 13:30:00",-40
34,"01/03/08 12:00:00",-10
34,"05/21/08 14:15:00",0
34,"06/10/08 14:45:00",0
34,"07/18/08 12:31:00",-100
34,"07/31/08 10:11:00",-90
34,"10/01/08 14:45:00",-40
34,"10/21/08 11:25:00",-10
34,"05/12/09 11:10:00",0
34,"06/05/09 10:00:00",-70
34,"06/30/09 15:25:00",-70
34,"07/30/09 11:44:00",-90
34,"09/08/09 12:45:00",-40
34,"11/12/09 14:10:00",0
34,"05/12/10 00:00:00",0
34,"07/29/10 15:20:00",-100
34,"10/19/12 11:11:00",0
34,"06/27/13 11:11:00",0
34,"07/08/10 05:24:00",-45
34,"09/04/10 10:00:00",-29
34,"12/25/10 07:46:00",2
34,"05/26/11 12:25:00",-69
34,"07/05/11 19:17:00",-116
34,"09/01/11 23:53:00",-63
34,"06/10/12 00:02:00",-4
34,"07/15/12 19:28:00",-73
34,"08/25/12 02:21:00",-69
34,"08/18/13 04:48:00",-78
34,"10/01/13 23:07:00",-51
34,"12/30/13 11:44:00",-2
34,"04/07/14 23:12:00",-4
34,"05/09/14 07:13:00",-43
34,"07/02/14 00:23:00",-76
34,"08/24/14 17:34:00",-45
34,"11/17/11 02:13:00",0
24,"04/10/00 00:00:00",0
24,"05/12/00 00:00:00",-130
24,"06/14/00 00:00:00",-160
24,"07/25/00 00:00:00",-130
24,"08/22/00 00:00:00",-80
24,"09/15/00 00:00:00",0
307,"07/29/09 11:11:00",0
307,"09/10/09 11:11:00",0
307,"10/05/09 11:11:00",0
307,"12/16/09 11:11:00",0
307,"05/01/10 00:00:00",0
307,"06/01/10 11:11:00",0
307,"07/28/10 11:11:00",0
307,"07/10/09 00:00:00",0
307,"08/31/10 11:11:00",0
307,"10/11/10 11:11:00",0
307,"11/22/10 00:00:00",0
307,"03/01/11 00:00:00",0
307,"03/16/11 11:11:00",0
307,"07/12/11 11:11:00",0
307,"08/30/11 11:11:00",0
307,"10/01/11 00:00:00",0
307,"01/01/10 00:00:00",0
66,"07/15/91 09:31:00",0
66,"07/17/91 18:40:00",0
66,"08/13/91 13:17:00",-110
66,"09/03/91 13:07:00",-140
66,"09/13/91 15:51:00",-100
66,"10/30/91 05:49:00",0
66,"11/05/91 10:17:00",0
46,"03/03/14 11:11:00",0
46,"06/03/14 11:11:00",-50
46,"04/01/13 11:11:00",0
46,"04/23/13 11:11:00",-70
46,"07/03/13 11:11:00",-130
46,"10/01/13 11:11:00",0
61,"05/18/00 00:00:00",-230
61,"06/20/00 00:00:00",-160
61,"07/21/00 00:00:00",-140
61,"08/31/00 00:00:00",0
61,"03/25/98 00:00:00",-160
61,"04/30/98 00:00:00",-130
61,"02/17/98 00:00:00",-120
61,"05/12/99 00:00:00",-20
61,"07/29/99 00:00:00",-200
61,"08/20/99 00:00:00",-180
61,"09/20/99 00:00:00",-250
61,"11/24/99 00:00:00",-220
61,"12/12/99 00:00:00",0
61,"05/02/97 00:00:00",-100
61,"05/21/97 00:00:00",-70
61,"06/05/97 00:00:00",-120
61,"12/12/97 00:00:00",0
61,"03/20/97 00:00:00",0
61,"11/06/01 00:00:00",-230
61,"12/01/01 00:00:00",0
61,"11/13/07 00:00:00",0
61,"03/04/08 00:00:00",0
61,"04/16/08 11:45:00",-55
61,"06/25/08 14:35:00",-245
61,"10/09/08 14:00:00",-130
61,"12/17/08 00:00:00",0
61,"04/14/09 00:00:00",0
61,"05/05/09 15:50:00",-65
61,"06/26/09 15:40:00",-160
61,"08/05/09 15:10:00",-175
61,"09/14/09 17:10:00",-165
61,"11/27/09 00:00:00",0
61,"03/23/10 00:00:00",0
61,"06/03/10 17:40:00",-180
61,"09/23/10 08:55:00",-50
61,"10/25/10 00:00:00",0
61,"05/03/11 10:15:00",0
61,"03/27/03 12:10:00",0
61,"05/15/03 15:00:00",-40
61,"06/13/03 12:45:00",-140
61,"09/02/03 11:40:00",-40
61,"08/06/03 12:20:00",-90
61,"09/13/03 00:00:00",-15
61,"11/20/03 08:50:00",-25
61,"12/10/03 00:00:00",0
61,"04/25/14 00:00:00",-100
61,"07/04/11 14:35:00",-20
61,"06/07/11 09:25:00",-20
61,"07/24/14 00:00:00",-90
61,"05/28/06 00:00:00",0
61,"05/19/12 00:00:00",0
61,"06/28/12 00:00:00",-110
61,"09/24/12 00:00:00",-90
61,"04/01/14 00:00:00",0
61,"08/09/12 00:00:00",-90
61,"12/06/11 00:00:00",0
61,"11/07/12 00:00:00",-120
61,"06/05/14 00:00:00",-100
61,"12/04/12 00:00:00",-170
61,"12/27/12 00:00:00",0
61,"06/13/13 00:00:00",-230
61,"04/01/13 00:00:00",0
61,"05/03/13 00:00:00",-220
61,"05/23/13 00:00:00",0
61,"07/22/13 00:00:00",-70
61,"10/08/13 00:00:00",0
61,"08/27/13 00:00:00",-20
61,"08/28/14 00:00:00",-50
61,"10/02/14 00:00:00",-30
56,"07/17/09 12:05:00",-20
56,"09/15/09 12:10:00",-80
56,"10/15/09 11:05:00",-70
56,"12/15/09 12:20:00",0
56,"04/06/10 11:55:00",0
56,"05/12/10 12:45:00",-10
56,"06/28/10 10:40:00",-60
34,"12/05/14 16:28:00",-2
56,"07/27/10 14:20:00",-30
56,"08/25/10 09:45:00",0
56,"09/23/10 13:55:00",-30
56,"11/09/10 00:00:00",-150
56,"12/07/10 00:00:00",-150
56,"12/08/10 00:00:00",0
56,"06/07/11 00:00:00",-100
56,"07/07/11 00:00:00",-30
56,"08/03/11 00:00:00",-20
56,"06/07/12 00:00:00",-190
56,"05/26/12 00:00:00",0
56,"09/05/11 00:00:00",-90
56,"09/30/11 10:10:00",-240
56,"07/03/12 11:11:00",-150
56,"11/14/11 00:00:00",-60
56,"12/06/11 00:00:00",0
56,"11/06/12 00:00:00",0
56,"06/01/13 00:00:00",0
56,"07/22/13 00:00:00",-100
56,"08/28/13 00:00:00",-30
56,"10/03/13 00:00:00",0
56,"11/28/14 00:00:00",-60
56,"12/03/14 00:00:00",0
129,"09/05/11 00:00:00",-140
129,"09/30/11 11:24:00",-270
129,"07/06/12 11:00:00",-460
129,"11/14/11 00:00:00",-110
129,"09/24/12 00:00:00",-70
129,"12/06/11 00:00:00",0
129,"08/09/12 00:00:00",-130
129,"11/06/12 00:00:00",0
129,"06/01/13 00:00:00",0
129,"07/22/13 00:00:00",-360
129,"08/28/13 00:00:00",-350
129,"10/08/13 00:00:00",0
129,"10/03/13 00:00:00",-70
129,"09/04/14 00:00:00",-270
129,"10/14/14 00:00:00",-170
52,"08/01/14 00:00:00",0
52,"09/04/14 00:00:00",-20
52,"09/29/14 00:00:00",-70
52,"10/14/14 00:00:00",0
131,"11/06/12 00:00:00",0
143,"07/22/13 00:00:00",0
143,"08/27/13 00:00:00",-80
143,"10/08/13 00:00:00",0
143,"07/01/14 00:00:00",0
143,"08/28/14 00:00:00",-70
143,"10/27/14 00:00:00",0
142,"06/30/14 00:00:00",-150
142,"08/29/12 00:00:00",-130
142,"07/25/14 00:00:00",-90
142,"07/31/12 00:00:00",-120
142,"05/19/12 00:00:00",0
142,"06/27/12 00:00:00",-140
142,"04/01/14 00:00:00",0
142,"05/19/14 00:00:00",-100
142,"11/07/12 00:00:00",-70
142,"12/04/12 00:00:00",0
142,"04/01/11 00:00:00",0
142,"06/06/11 00:00:00",-40
142,"07/27/11 00:00:00",-50
142,"09/20/11 00:00:00",-130
142,"12/06/11 00:00:00",0
142,"07/20/13 00:00:00",0
142,"08/27/13 00:00:00",-130
142,"10/23/13 00:00:00",0
142,"09/09/14 00:00:00",-50
142,"10/27/14 00:00:00",0
3,"10/08/09 00:00:00",-20
3,"11/01/09 00:00:00",0
3,"04/01/10 00:00:00",0
3,"04/14/10 00:00:00",-20
3,"06/08/10 00:00:00",-10
3,"09/24/10 00:00:00",-20
3,"08/04/10 00:00:00",0
3,"10/27/10 00:00:00",-10
3,"11/08/10 00:00:00",0
3,"04/01/12 00:00:00",0
3,"04/17/12 00:00:00",-10
3,"06/27/12 00:00:00",0
3,"08/28/12 00:00:00",-20
3,"09/24/12 00:00:00",-20
3,"11/06/12 00:00:00",-10
3,"12/04/12 00:00:00",0
3,"04/01/13 00:00:00",0
3,"06/12/13 00:00:00",-30
3,"07/25/13 00:00:00",-30
3,"09/10/13 00:00:00",-10
3,"10/15/13 00:00:00",-30
3,"10/24/13 00:00:00",0
3,"04/01/08 00:00:00",0
3,"04/10/08 00:00:00",-20
3,"06/02/08 00:00:00",-10
3,"07/10/08 00:00:00",-10
3,"08/29/08 00:00:00",-10
3,"09/18/08 00:00:00",-10
3,"11/01/08 00:00:00",0
3,"04/01/09 00:00:00",0
3,"04/20/09 00:00:00",-20
3,"08/11/09 00:00:00",-10
3,"09/11/09 00:00:00",-10
3,"06/03/09 00:00:00",-10
190,"07/01/14 00:00:00",0
190,"07/23/14 00:00:00",-80
190,"04/01/11 00:00:00",0
60,"04/28/14 00:00:00",-50
60,"03/01/12 00:00:00",0
60,"07/03/12 00:00:00",-40
60,"11/06/12 00:00:00",0
60,"08/09/12 00:00:00",0
190,"05/05/11 00:00:00",-20
190,"06/01/11 00:00:00",-50
190,"06/22/11 00:00:00",-70
190,"07/27/11 00:00:00",-100
190,"09/22/11 00:00:00",-20
190,"11/22/11 00:00:00",-70
190,"12/06/11 00:00:00",0
190,"09/09/14 00:00:00",0
37,"09/09/14 00:00:00",-90
37,"09/26/14 00:00:00",0
53,"04/01/14 00:00:00",0
53,"06/23/14 00:00:00",-30
53,"10/09/14 00:00:00",0
53,"09/03/14 00:00:00",-50
112,"07/27/10 16:00:00",-280
112,"09/23/10 14:20:00",-240
112,"11/02/10 14:50:00",-150
112,"07/07/11 14:25:00",-270
112,"08/03/11 00:00:00",-250
112,"03/13/12 00:00:00",0
112,"09/05/11 00:00:00",-210
112,"11/24/11 00:00:00",-130
112,"12/06/11 00:00:00",0
112,"04/01/14 00:00:00",0
112,"11/06/12 00:00:00",0
112,"11/07/12 00:00:00",0
112,"12/05/12 00:00:00",0
112,"06/01/13 00:00:00",0
112,"10/23/13 00:00:00",0
59,"04/11/14 00:00:00",0
59,"07/28/14 00:00:00",0
59,"05/10/11 00:00:00",0
59,"06/07/11 00:00:00",-10
59,"07/07/11 00:00:00",-10
59,"08/03/11 00:00:00",0
59,"09/06/11 00:00:00",-30
59,"11/24/11 00:00:00",0
59,"06/25/14 00:00:00",-20
59,"09/03/14 00:00:00",-20
59,"09/25/14 00:00:00",-20
59,"10/31/14 00:00:00",-20
84,"05/21/92 22:04:00",-110
84,"06/25/92 00:11:00",-270
84,"06/25/92 01:03:00",0
84,"07/06/92 22:26:00",0
112,"04/01/12 21:24:00",-83
112,"05/19/12 05:44:00",-212
112,"07/11/12 21:36:00",-238
112,"10/17/12 18:02:00",-180
112,"11/08/12 20:20:00",-167
112,"06/08/13 08:00:00",-105
112,"07/25/13 16:21:00",-199
112,"09/01/13 13:25:00",-234
112,"10/09/13 10:30:00",-289
112,"05/27/14 20:42:00",-274
112,"06/28/14 10:16:00",-244
112,"09/05/14 20:54:00",-272
112,"09/27/14 23:11:00",-242
112,"11/01/14 16:31:00",-227
84,"07/07/92 05:45:00",-300
84,"08/06/92 03:34:00",-150
84,"08/24/92 08:19:00",-290
84,"09/05/92 22:33:00",-270
84,"10/22/92 14:00:00",0
84,"04/20/93 13:13:00",0
84,"06/12/93 07:13:00",-170
84,"07/10/93 04:22:00",-160
84,"07/16/93 07:39:00",-190
84,"08/20/93 21:04:00",-150
84,"09/13/93 02:08:00",-190
84,"09/26/93 12:02:00",-170
84,"10/31/93 00:30:00",0
84,"05/01/94 13:14:00",0
84,"05/17/94 22:32:00",-90
84,"07/18/94 18:37:00",-370
84,"08/27/94 01:37:00",-190
84,"09/26/94 11:45:00",-230
84,"10/25/94 20:15:00",0
84,"05/02/95 01:13:00",0
84,"06/26/95 22:16:00",-250
84,"07/30/95 07:13:00",-290
84,"07/30/95 07:47:00",-870
84,"08/03/95 04:46:00",-460
84,"08/04/95 17:45:00",0
84,"04/09/96 07:58:00",0
84,"04/30/96 17:35:00",0
84,"06/26/96 17:38:00",-230
84,"09/17/96 04:53:00",-170
84,"10/18/96 11:09:00",-210
84,"11/19/96 09:04:00",0
84,"11/23/96 09:34:00",0
84,"04/01/00 00:00:00",0
84,"04/19/00 00:00:00",-60
84,"05/17/00 00:00:00",-110
84,"06/19/00 00:00:00",-140
84,"07/19/00 00:00:00",-360
84,"08/17/00 00:00:00",-190
84,"09/26/00 00:00:00",-260
84,"10/18/00 00:00:00",-250
84,"11/30/00 00:00:00",0
84,"06/01/01 00:00:00",0
84,"07/03/01 00:00:00",-130
84,"08/28/01 00:00:00",-160
84,"09/27/01 00:00:00",-190
84,"10/30/01 00:00:00",-130
84,"11/03/01 00:00:00",0
84,"05/01/02 00:00:00",0
84,"05/28/02 00:00:00",-80
84,"06/18/02 00:00:00",-150
84,"07/09/02 00:00:00",-150
84,"08/13/02 00:00:00",-120
84,"10/18/02 00:00:00",-100
84,"11/03/02 00:00:00",0
84,"06/07/11 00:00:00",-410
84,"12/06/10 12:15:00",-65
84,"12/07/10 00:00:00",0
84,"03/05/11 00:00:00",0
84,"03/11/11 12:00:00",-35
84,"04/14/11 12:20:00",-210
84,"05/03/11 14:40:00",-260
84,"08/23/03 13:00:00",-180
84,"09/06/03 11:00:00",-170
84,"09/24/03 11:00:00",-140
84,"04/22/04 13:00:00",-120
84,"10/20/04 14:00:00",-270
84,"10/26/04 17:00:00",-150
84,"08/25/05 14:00:00",-180
84,"10/14/05 11:00:00",-260
84,"06/27/06 13:00:00",-80
84,"07/20/06 13:00:00",-20
84,"08/06/06 15:00:00",0
84,"05/31/07 19:00:00",-110
84,"07/02/07 16:00:00",-380
84,"08/28/07 12:00:00",-170
84,"09/21/07 11:00:00",0
84,"05/02/08 11:00:00",0
84,"07/03/08 15:00:00",-400
84,"11/11/03 11:11:00",0
84,"04/01/04 11:11:00",0
84,"11/01/04 11:11:00",0
84,"07/15/05 11:11:00",0
84,"06/09/09 11:11:00",-370
84,"08/08/08 08:08:00",-300
84,"10/03/08 11:11:00",-300
84,"10/22/08 11:11:00",-275
84,"01/01/09 00:00:00",0
84,"08/17/12 00:00:00",-380
84,"04/28/09 11:00:00",-130
84,"03/29/09 11:00:00",0
84,"07/21/09 11:11:00",-350
84,"09/09/09 09:09:00",-310
84,"10/19/09 00:00:00",-370
84,"12/03/09 00:00:00",-130
84,"12/22/09 00:00:00",0
84,"04/05/10 11:11:00",0
84,"04/20/10 11:11:00",-130
84,"05/21/10 11:15:00",-230
84,"06/29/10 10:45:00",-360
84,"07/27/10 12:00:00",-370
84,"08/25/10 12:30:00",-360
84,"07/28/14 00:00:00",-300
84,"11/02/10 12:30:00",-250
84,"09/23/10 00:00:00",-310
84,"06/12/12 00:00:00",-460
84,"07/07/11 15:00:00",-380
84,"05/26/14 00:00:00",-300
84,"08/03/11 00:00:00",-360
84,"03/13/12 00:00:00",0
84,"03/29/12 00:00:00",-130
84,"05/15/12 00:00:00",-290
84,"07/09/12 00:00:00",-400
84,"09/05/11 00:00:00",-370
84,"11/24/11 00:00:00",-300
84,"12/06/11 00:00:00",0
84,"04/01/14 00:00:00",0
84,"04/11/14 00:00:00",-230
84,"10/17/12 00:00:00",-280
84,"11/06/12 00:00:00",0
84,"11/07/12 00:00:00",0
84,"11/08/12 00:00:00",-230
84,"06/25/14 00:00:00",-350
84,"12/05/12 00:00:00",0
84,"06/01/13 00:00:00",0
84,"06/07/13 00:00:00",-100
84,"07/22/13 00:00:00",-310
84,"08/28/13 00:00:00",-370
84,"10/07/13 00:00:00",-370
84,"10/23/13 00:00:00",0
84,"07/01/03 00:00:00",0
84,"04/01/07 00:00:00",0
84,"09/25/14 00:00:00",-270
84,"09/03/14 00:00:00",-300
84,"10/31/14 00:00:00",-230
148,"11/06/12 00:00:00",0
148,"11/07/12 00:00:00",0
148,"11/08/12 00:00:00",-50
148,"04/01/14 00:00:00",0
148,"06/25/14 00:00:00",-90
148,"12/05/12 00:00:00",0
148,"06/01/13 00:00:00",0
148,"07/23/13 00:00:00",-130
148,"08/29/13 00:00:00",-160
148,"10/11/13 00:00:00",0
148,"09/03/14 00:00:00",-80
148,"09/25/14 00:00:00",-70
148,"10/30/14 00:00:00",-70
112,"06/13/12 11:47:00",-244
112,"10/22/13 01:30:00",-257
112,"04/10/14 12:21:00",-120
112,"11/04/14 00:00:00",0
56,"07/06/15 00:00:00",-80
56,"03/20/15 00:00:00",0
56,"04/14/15 00:00:00",-70
56,"05/22/15 00:00:00",-60
56,"06/16/15 00:00:00",-60
129,"05/22/15 00:00:00",-310
129,"06/09/15 00:00:00",-500
129,"06/16/15 00:00:00",-685
129,"07/06/15 00:00:00",-580
14,"07/05/11 11:11:00",-20
14,"08/10/11 11:11:00",0
14,"10/06/11 11:11:00",-30
14,"11/23/11 11:11:00",-30
14,"12/05/11 11:11:00",0
14,"05/16/14 00:00:00",-200
14,"04/14/14 00:00:00",-120
14,"07/01/14 11:11:00",-60
14,"03/05/13 11:11:00",0
14,"05/17/13 11:11:00",-100
14,"06/11/13 11:11:00",-150
14,"07/17/13 11:11:00",-130
14,"09/05/13 11:11:00",-30
14,"08/07/13 11:11:00",-70
14,"10/08/13 11:11:00",0
14,"11/01/14 00:00:00",0
14,"02/02/15 00:00:00",0
14,"03/24/15 00:00:00",-50
14,"04/14/15 00:00:00",-70
14,"05/12/15 00:00:00",-200
14,"06/17/15 00:00:00",-220
14,"07/08/15 00:00:00",-150
60,"09/29/14 00:00:00",-20
60,"10/14/14 00:00:00",0
60,"05/22/15 00:00:00",0
60,"06/16/15 00:00:00",-60
129,"07/24/15 11:45:00",-270
60,"05/28/12 17:52:00",3
60,"07/03/12 00:01:00",-5
34,"07/13/13 09:22:00",-39
34,"05/29/15 06:16:00",2
34,"07/30/15 22:18:00",-65
34,"10/10/10 05:27:00",-2
34,"03/20/11 08:57:00",0
34,"06/10/12 00:03:00",2
34,"12/10/14 03:56:00",-4
58,"09/07/11 01:04:00",-62
58,"08/22/12 03:59:00",-33
58,"07/01/13 07:03:00",0
58,"03/04/14 00:58:00",0
58,"05/31/15 05:12:00",0
58,"06/05/15 12:02:00",-14
58,"06/10/15 18:52:00",-20
58,"06/24/15 00:00:00",-42
58,"08/07/15 22:07:00",-58
58,"09/09/15 22:46:00",-64
58,"10/11/15 15:50:00",-36
58,"10/22/15 05:31:00",-21
58,"11/09/15 17:26:00",0
1,"05/13/15 00:00:00",0
1,"06/26/15 00:00:00",-60
1,"07/22/15 00:00:00",-70
1,"08/19/15 00:00:00",0
1,"09/23/15 00:00:00",-30
1,"10/22/15 00:00:00",-70
1,"11/19/15 00:00:00",-50
1,"11/20/15 00:00:00",0
60,"08/13/15 00:00:00",-20
60,"09/09/15 00:00:00",-60
60,"11/19/15 00:00:00",-50
131,"04/15/15 00:00:00",0
131,"05/13/15 00:00:00",-40
131,"06/25/15 00:00:00",-20
131,"07/22/15 00:00:00",0
131,"08/02/15 00:00:00",0
131,"08/03/15 00:00:00",-100
131,"08/19/15 00:00:00",-100
131,"09/23/15 00:00:00",-180
131,"10/20/15 00:00:00",-130
131,"11/19/15 00:00:00",-100
131,"11/20/15 00:00:00",0
142,"05/13/15 00:00:00",0
142,"06/25/15 00:00:00",-250
142,"07/22/15 00:00:00",-330
142,"08/19/15 00:00:00",-490
142,"09/25/15 00:00:00",-120
142,"10/20/15 00:00:00",-80
142,"11/19/15 00:00:00",-50
142,"11/20/15 00:00:00",0
129,"08/13/15 00:00:00",-120
129,"09/09/15 00:00:00",-60
129,"09/18/15 00:00:00",-40
129,"11/19/15 00:00:00",-50
129,"03/16/16 00:00:00",0
129,"05/03/16 00:00:00",-200
129,"05/04/16 02:00:00",-100
129,"05/05/16 18:00:00",-150
129,"05/06/16 10:00:00",-200
129,"05/07/16 16:00:00",-280
129,"05/08/16 23:00:00",-340
34,"05/05/17 00:00:00",0
34,"06/01/17 00:00:00",-40
129,"10/15/15 02:14:00",-81
129,"11/28/15 02:01:00",-4
129,"05/09/16 04:00:00",-400
129,"05/10/16 17:00:00",-470
129,"05/11/16 13:00:00",-400
129,"05/12/16 12:00:00",-340
129,"05/13/16 12:00:00",-280
129,"05/14/16 09:00:00",-200
129,"05/15/16 04:00:00",-150
129,"05/16/16 10:00:00",-50
129,"05/17/16 00:00:00",0
142,"06/27/16 00:00:00",0
142,"07/04/16 00:00:00",-70
131,"06/27/16 00:00:00",0
131,"07/04/16 00:00:00",-50
190,"04/07/15 00:00:00",0
190,"05/29/15 00:00:00",-30
190,"06/25/15 00:00:00",-40
190,"07/23/15 00:00:00",-210
190,"08/25/15 00:00:00",-180
190,"09/23/15 11:11:00",-10
190,"10/22/15 00:00:00",-80
190,"11/19/15 00:00:00",-50
190,"11/20/15 00:00:00",0
190,"06/27/16 00:00:00",0
190,"07/04/16 00:00:00",-30
190,"12/31/16 00:00:00",0
60,"07/10/15 00:00:00",-40
60,"09/19/15 00:00:00",-100
60,"10/13/15 00:00:00",-100
60,"11/20/15 00:00:00",0
60,"05/03/16 00:00:00",0
60,"05/31/16 00:00:00",-20
60,"06/01/16 07:00:00",-50
60,"06/02/16 15:00:00",-50
60,"06/03/16 03:00:00",-100
60,"06/03/16 19:00:00",-220
60,"06/03/16 20:00:00",-320
60,"06/03/16 22:00:00",-400
60,"06/06/16 06:00:00",-400
60,"06/11/16 11:00:00",-550
60,"06/15/16 01:00:00",-400
60,"06/15/16 12:00:00",-400
60,"06/16/16 14:00:00",-320
60,"06/17/16 10:00:00",-220
60,"06/20/16 04:00:00",-100
60,"06/23/16 04:00:00",-50
60,"06/29/16 00:00:00",0
56,"07/24/15 00:00:00",-40
56,"08/13/15 00:00:00",-60
56,"09/09/15 00:00:00",-70
56,"10/14/15 00:00:00",0
56,"11/20/15 00:00:00",0
56,"04/15/16 00:00:00",0
56,"05/03/16 00:00:00",-110
56,"06/02/16 12:00:00",-140
56,"06/03/16 15:00:00",-200
56,"06/03/16 20:00:00",-320
56,"06/04/16 05:00:00",-400
56,"06/05/16 12:00:00",-500
56,"06/07/16 10:00:00",-450
56,"06/08/16 12:00:00",-400
56,"06/10/16 04:00:00",-320
56,"06/11/16 19:00:00",-200
56,"06/16/16 14:00:00",-200
56,"06/21/16 00:00:00",-140
56,"06/22/16 00:00:00",-70
56,"06/29/16 00:00:00",0
14,"08/12/15 00:00:00",-36
14,"08/26/15 11:11:00",-26
14,"09/08/15 11:11:00",-50
14,"09/30/15 11:11:00",-30
14,"10/21/15 11:11:00",-22
14,"11/20/15 11:11:00",0
14,"05/01/16 00:00:00",0
14,"05/11/16 00:00:00",-60
14,"05/29/16 00:00:00",-150
14,"12/31/16 00:00:00",0
148,"11/04/14 00:00:00",0
148,"03/20/15 00:00:00",0
148,"04/23/15 00:00:00",-80
148,"06/01/15 00:00:00",-60
148,"06/29/15 00:00:00",-130
148,"07/27/15 00:00:00",-220
148,"08/18/15 00:00:00",-180
148,"09/11/15 00:00:00",-220
148,"10/14/15 00:00:00",-110
148,"11/20/15 00:00:00",0
148,"06/20/16 00:00:00",0
148,"07/07/16 00:00:00",-40
112,"03/20/15 00:00:00",0
112,"04/23/15 00:00:00",-140
112,"06/01/15 00:00:00",-270
112,"06/29/15 00:00:00",-270
112,"07/27/15 00:00:00",-330
112,"08/18/15 00:00:00",-280
112,"09/11/15 00:00:00",-300
112,"10/14/15 00:00:00",-190
112,"11/19/15 00:00:00",-120
112,"11/20/15 00:00:00",0
112,"06/20/16 00:00:00",0
112,"07/07/16 00:00:00",-100
84,"11/04/14 00:00:00",0
84,"03/20/15 00:00:00",0
84,"04/23/15 00:00:00",-160
84,"06/01/15 00:00:00",-280
84,"06/29/15 00:00:00",-390
84,"07/27/15 00:00:00",-420
84,"08/18/15 00:00:00",-390
84,"09/11/15 00:00:00",-360
84,"10/14/15 00:00:00",-350
84,"11/19/15 00:00:00",-200
84,"11/20/15 00:00:00",0
131,"11/25/16 00:00:00",0
142,"11/25/16 00:00:00",0
84,"06/15/16 00:00:00",0
84,"07/07/16 00:00:00",-110
84,"07/08/16 00:00:00",-130
143,"05/29/15 00:00:00",0
143,"06/30/15 00:00:00",-10
143,"07/22/15 00:00:00",-40
143,"09/24/15 00:00:00",-90
143,"10/20/15 00:00:00",-40
143,"11/19/15 00:00:00",-30
143,"11/20/15 00:00:00",0
61,"09/09/15 00:00:00",-50
61,"09/16/15 00:00:00",-50
61,"09/17/15 00:00:00",-100
61,"11/19/15 00:00:00",-50
61,"11/20/15 00:00:00",0
61,"03/17/16 00:00:00",0
61,"05/03/16 00:00:00",-100
61,"06/16/16 00:00:00",-100
61,"06/29/16 00:00:00",-170
61,"07/27/16 00:00:00",-170
60,"07/27/16 00:00:00",-60
60,"12/31/16 00:00:00",0
131,"07/28/16 00:00:00",0
142,"07/28/16 00:00:00",-50
81,"04/15/15 00:00:00",0
81,"05/13/15 00:00:00",-30
81,"06/25/15 00:00:00",-40
81,"07/22/15 00:00:00",-10
81,"09/23/15 11:11:00",-50
81,"11/20/15 00:00:00",0
81,"04/01/16 00:00:00",0
81,"05/04/16 00:00:00",-20
81,"07/28/16 00:00:00",-30
61,"08/12/16 09:00:00",-120
84,"08/18/16 11:00:00",-290
148,"08/18/16 15:00:00",-90
58,"07/07/16 09:30:00",0
58,"07/26/16 09:30:00",-10
58,"08/18/16 11:30:00",-40
112,"08/18/16 10:00:00",-240
1,"07/28/16 10:00:00",0
1,"08/18/16 07:00:00",-40
3,"03/09/16 00:00:00",0
3,"05/12/16 00:00:00",-30
3,"06/01/16 00:00:00",-60
53,"08/26/16 17:30:00",-30
190,"08/17/16 10:00:00",-30
60,"09/01/16 00:00:00",-80
61,"09/01/16 00:00:00",-140
81,"08/30/16 00:00:00",0
131,"08/30/16 00:00:00",-100
142,"08/30/16 00:00:00",-210
3,"06/15/16 00:00:00",0
53,"11/16/16 00:00:00",0
112,"11/23/16 00:00:00",0
84,"11/23/16 00:00:00",0
148,"11/23/16 00:00:00",0
58,"11/23/16 00:00:00",0
61,"11/25/16 00:00:00",0
46,"12/31/17 00:00:00",0
112,"07/26/16 00:00:00",-130
84,"07/26/16 00:00:00",-140
148,"07/26/16 00:00:00",-80
53,"10/22/14 00:00:00",-70
53,"11/04/14 00:00:00",0
53,"03/01/15 00:00:00",0
53,"09/03/15 00:00:00",-50
53,"10/09/15 00:00:00",0
53,"11/19/15 00:00:00",-50
53,"11/20/15 00:00:00",0
53,"07/07/16 00:00:00",0
53,"07/26/16 00:00:00",-20
61,"11/04/14 00:00:00",0
61,"05/29/15 00:00:00",0
61,"06/16/15 00:00:00",-20
61,"07/30/15 00:00:00",-70
84,"10/05/16 00:00:00",-310
1,"10/06/16 00:00:00",-30
148,"11/02/16 00:00:00",-70
84,"11/02/16 00:00:00",-90
112,"11/02/16 00:00:00",-110
58,"11/02/16 00:00:00",-80
142,"11/03/16 00:00:00",-130
1,"11/03/16 00:00:00",-50
131,"11/03/16 00:00:00",-80
142,"10/06/16 00:00:00",-110
112,"10/05/16 00:00:00",-130
59,"10/05/16 00:00:00",0
148,"10/05/16 00:00:00",-50
58,"10/05/16 00:00:00",-30
1,"11/25/16 00:00:00",0
53,"09/06/16 00:00:00",-30
148,"09/06/16 00:00:00",-70
112,"09/06/16 00:00:00",-200
84,"09/06/16 00:00:00",-280
58,"09/06/16 00:00:00",-40
59,"07/07/16 00:00:00",0
59,"08/18/16 00:00:00",-20
59,"09/06/16 00:00:00",-20
190,"09/13/16 00:00:00",-30
307,"12/31/16 00:00:00",0
131,"09/21/16 00:00:00",-120
60,"11/10/16 00:00:00",0
34,"09/22/15 11:11:00",0
84,"05/31/17 00:00:00",-100
148,"05/03/17 00:00:00",0
148,"05/31/17 00:00:00",-60
301,"05/11/15 00:00:00",0
301,"06/19/15 00:00:00",-40
301,"07/28/15 00:00:00",-100
301,"08/26/15 11:11:00",-90
301,"09/22/15 11:11:00",-60
301,"11/19/15 00:00:00",-50
301,"11/20/15 00:00:00",0
112,"05/03/17 00:00:00",0
112,"05/31/17 00:00:00",-170
301,"04/01/17 00:00:00",0
301,"05/05/17 00:00:00",-30
301,"06/01/17 00:00:00",-80
301,"08/02/17 00:00:00",-90
60,"04/10/18 00:00:00",0
60,"05/09/18 00:00:00",-70
56,"04/10/18 00:00:00",0
56,"05/09/18 00:00:00",-20
148,"04/18/18 00:00:00",0
148,"05/11/18 00:00:00",-70
112,"11/27/17 00:00:00",0
112,"04/18/18 00:00:00",0
112,"05/11/18 00:00:00",-120
34,"11/10/17 00:00:00",0
34,"05/03/18 00:00:00",0
34,"05/30/18 00:00:00",-40
112,"06/05/18 00:00:00",-240
84,"11/27/17 00:00:00",0
84,"05/11/18 00:00:00",0
84,"06/05/18 00:00:00",-80
56,"06/06/18 00:00:00",0
60,"06/06/18 00:00:00",-80
37,"05/15/18 00:00:00",-30
143,"04/24/18 00:00:00",0
143,"05/16/18 00:00:00",-40
143,"06/12/18 00:00:00",-40
37,"06/13/18 00:00:00",0
37,"03/03/17 00:00:00",0
37,"04/13/17 00:00:00",-60
61,"03/15/17 00:00:00",0
61,"04/19/17 00:00:00",-40
84,"04/05/17 00:00:00",0
84,"05/03/17 00:00:00",-40
37,"05/11/17 00:00:00",0
143,"04/12/17 00:00:00",0
142,"04/01/17 00:00:00",0
142,"04/14/17 00:00:00",-20
142,"05/10/17 00:00:00",-10
143,"05/10/17 00:00:00",-30
1,"04/12/17 00:00:00",0
1,"05/10/17 00:00:00",-60
190,"04/01/17 00:00:00",0
190,"04/13/17 00:00:00",-20
190,"05/11/17 00:00:00",-40
129,"04/19/17 00:00:00",0
129,"05/16/17 00:00:00",-100
61,"05/16/17 00:00:00",-90
61,"12/31/17 00:00:00",0
56,"04/19/17 00:00:00",0
56,"05/16/17 00:00:00",-40
56,"12/31/17 00:00:00",0
307,"05/15/16 05:52:00",-13
307,"06/27/16 19:24:00",-80
307,"09/15/16 20:54:00",-30
307,"05/30/17 13:01:00",0
307,"03/08/16 04:33:00",0
307,"04/11/16 18:28:00",-5
143,"06/07/17 00:00:00",-30
142,"06/07/17 00:00:00",-70
1,"06/07/17 00:00:00",-150
190,"06/08/17 00:00:00",-120
84,"09/12/17 00:00:00",-120
129,"10/25/17 00:00:00",-150
142,"11/14/17 00:00:00",0
142,"05/16/18 00:00:00",0
142,"06/12/18 00:00:00",-100
190,"10/17/17 00:00:00",-80
190,"11/14/17 00:00:00",0
34,"06/21/18 00:00:00",-60
301,"11/10/17 00:00:00",0
18,"07/11/11 00:00:00",-80
18,"09/01/11 00:00:00",-90
18,"10/26/11 00:00:00",-40
18,"11/15/11 00:00:00",0
18,"06/15/12 00:00:00",0
18,"07/17/12 00:00:00",-30
18,"09/26/12 00:00:00",-60
18,"11/16/12 00:00:00",-30
18,"11/30/12 00:00:00",0
18,"03/03/14 00:00:00",0
18,"06/03/14 11:11:00",-40
18,"08/13/14 11:11:00",-10
18,"10/01/14 11:11:00",-10
18,"11/01/14 11:11:00",0
18,"05/01/15 00:00:00",0
18,"06/03/15 11:11:00",-110
18,"07/21/15 11:11:00",-30
18,"09/02/15 00:00:00",0
18,"11/20/15 00:00:00",0
56,"05/25/17 00:00:00",-100
46,"10/07/14 01:14:00",-84
46,"12/06/14 06:17:00",0
46,"01/25/15 21:26:00",-1
46,"02/19/15 12:36:00",-41
46,"04/19/15 08:49:00",-92
46,"06/02/15 03:44:00",-128
46,"08/21/15 21:27:00",-121
46,"11/06/15 12:36:00",-68
46,"12/10/15 17:39:00",0
46,"05/31/16 03:46:00",0
46,"06/28/16 00:00:00",0
46,"08/09/16 00:00:00",-52
46,"09/15/16 00:00:00",-70
46,"11/14/16 00:00:00",-60
46,"01/12/17 00:00:00",-40
46,"01/13/17 07:00:00",0
46,"03/22/17 00:00:00",0
46,"04/21/17 00:00:00",-30
46,"05/16/17 00:00:00",-60
46,"06/07/17 00:00:00",-100
129,"05/25/17 00:00:00",-300
129,"06/02/17 00:00:00",-400
129,"06/15/17 00:00:00",-420
56,"06/15/17 00:00:00",-140
60,"05/16/17 00:00:00",0
60,"06/15/17 00:00:00",-20
60,"12/31/17 00:00:00",0
61,"06/15/17 00:00:00",-60
112,"06/22/17 00:00:00",-320
84,"06/22/17 00:00:00",-110
148,"06/22/17 00:00:00",-180
58,"04/05/17 00:00:00",0
58,"05/03/17 00:00:00",-20
58,"05/31/17 00:00:00",0
58,"06/22/17 00:00:00",-25
11,"03/10/15 00:00:00",0
11,"05/19/15 00:00:00",-50
11,"06/03/15 00:00:00",0
11,"07/30/15 00:00:00",-60
11,"09/02/15 00:00:00",-50
11,"11/20/15 00:00:00",0
11,"03/30/17 00:00:00",0
11,"05/23/17 00:00:00",-20
11,"07/04/17 08:15:00",-110
46,"07/04/17 11:50:00",-150
301,"07/11/17 11:00:00",-110
34,"07/11/17 15:00:00",-60
129,"07/12/17 10:00:00",-550
56,"07/12/17 09:00:00",-70
60,"07/12/17 12:00:00",-50
61,"07/12/17 16:00:00",-30
190,"07/05/17 00:00:00",-270
190,"07/27/17 00:00:00",-210
58,"08/23/17 13:39:00",-50
37,"07/05/17 00:00:00",-80
131,"05/10/17 00:00:00",0
131,"06/07/17 00:00:00",-70
37,"06/08/17 00:00:00",-90
18,"05/01/11 00:00:00",0
301,"05/30/18 00:00:00",0
37,"07/27/17 00:00:00",-60
131,"07/26/17 00:00:00",-40
143,"07/26/17 00:00:00",0
1,"07/26/17 00:00:00",-50
142,"07/04/17 00:00:00",-80
142,"07/26/17 00:00:00",-90
148,"07/25/17 13:01:00",-200
58,"07/25/17 09:30:00",-40
84,"07/25/17 09:00:00",-270
112,"07/25/17 08:00:00",-190
11,"07/25/17 00:00:00",-110
11,"08/17/17 00:00:00",-130
1,"08/07/17 09:30:00",-30
1,"08/24/17 00:00:00",-60
37,"08/07/17 15:29:00",0
190,"08/23/17 13:36:00",-360
142,"08/07/17 09:28:00",-10
190,"09/07/17 00:00:00",-340
148,"08/23/17 13:39:00",-200
148,"09/12/17 00:00:00",-230
59,"07/25/17 00:00:00",0
59,"08/23/17 00:00:00",-40
59,"09/12/17 00:00:00",-40
58,"09/12/17 00:00:00",-50
112,"08/23/17 13:41:00",-240
112,"09/12/17 00:00:00",-230
84,"08/23/17 13:42:00",-450
190,"09/15/17 00:00:00",-180
301,"08/22/17 08:36:00",-80
301,"09/21/17 00:00:00",-80
34,"08/22/17 15:30:00",-50
34,"09/21/17 00:00:00",-20
129,"12/11/14 03:42:00",-7
129,"04/18/15 19:25:00",-5
1,"09/28/17 00:00:00",-60
131,"09/28/17 00:00:00",0
129,"09/27/17 13:01:00",-250
112,"10/03/17 00:00:00",-120
84,"10/03/17 00:00:00",-50
59,"10/03/17 00:00:00",0
148,"10/03/17 00:00:00",-160
34,"10/26/17 00:00:00",-10
301,"10/26/17 00:00:00",-80
112,"10/30/17 00:00:00",-160
129,"11/27/17 00:00:00",0
148,"11/27/17 00:00:00",0
301,"06/21/18 00:00:00",-50
60,"06/25/18 00:00:00",-60
142,"06/27/18 00:00:00",-80
58,"06/22/18 00:00:00",0
60,"08/03/18 07:49:00",-50
60,"08/29/18 00:00:00",-30
1,"10/17/17 00:00:00",-40
1,"11/14/17 00:00:00",0
1,"07/09/18 00:00:00",0
1,"08/08/18 00:00:00",-50
1,"09/11/18 00:00:00",-20
112,"07/19/18 00:00:00",-430
112,"08/09/18 09:14:00",-310
112,"09/07/18 00:00:00",-340
59,"07/19/18 00:00:00",-20
59,"09/07/18 00:00:00",-20
58,"10/03/17 00:00:00",0
58,"07/19/18 00:00:00",-50
58,"08/09/18 08:43:00",-40
58,"09/07/18 00:00:00",-30
148,"06/05/18 00:00:00",-120
148,"07/19/18 00:00:00",-270
148,"08/09/18 00:00:00",-230
148,"09/07/18 00:00:00",-250
190,"06/13/18 00:00:00",0
190,"07/09/18 00:00:00",-50
190,"08/08/18 00:00:00",-50
190,"09/12/18 00:00:00",-200
37,"04/25/18 00:00:00",0
48,"08/12/14 11:11:00",0
37,"09/12/18 00:00:00",-20
143,"07/09/18 00:00:00",-20
143,"09/11/18 00:00:00",0
143,"09/19/18 00:00:00",-60
142,"07/09/18 00:00:00",-20
142,"08/08/18 00:00:00",-100
142,"09/11/18 00:00:00",-35
142,"09/19/18 00:00:00",-60
190,"09/19/18 00:00:00",-160
37,"09/19/18 00:00:00",0
129,"06/25/18 00:00:00",0
129,"08/03/18 07:51:00",-270
129,"08/29/18 00:00:00",-250
129,"10/09/18 00:00:00",-210
56,"08/03/18 07:48:00",-60
56,"08/29/18 00:00:00",-60
56,"10/09/18 00:00:00",-80
60,"10/09/18 00:00:00",-20
112,"10/11/18 00:00:00",-240
59,"10/11/18 00:00:00",-20
148,"10/11/18 00:00:00",-270
58,"10/11/18 00:00:00",-20
1,"10/17/18 00:00:00",-120
131,"11/14/17 00:00:00",0
131,"07/09/18 00:00:00",0
131,"08/08/18 00:00:00",-40
131,"09/11/18 00:00:00",-50
131,"10/17/18 00:00:00",-190
190,"10/17/18 00:00:00",-120
143,"10/17/18 00:00:00",-70
142,"10/17/18 00:00:00",-60
129,"10/31/18 00:00:00",-180
59,"06/05/18 12:39:00",-16
301,"07/17/18 00:00:00",-90
301,"09/21/18 00:00:00",-70
34,"07/17/18 00:00:00",-100
34,"08/16/18 15:06:00",-90
34,"09/21/18 00:00:00",-70
34,"10/23/18 00:00:00",-20
56,"10/31/18 00:00:00",-40
60,"10/31/18 00:00:00",-15
112,"11/06/18 00:00:00",-260
148,"11/06/18 00:00:00",-200
58,"11/06/18 00:00:00",-20
143,"11/13/18 00:00:00",0
1,"11/13/18 00:00:00",-90
142,"11/13/18 00:00:00",-50
131,"11/13/18 00:00:00",-120
131,"11/14/18 00:00:00",-50
129,"11/21/18 00:00:00",-130
60,"11/21/18 00:00:00",-20
112,"11/27/18 13:05:00",-220
58,"11/27/18 13:07:00",0
148,"11/27/18 13:08:00",-170
301,"06/12/19 00:00:00",0
112,"12/03/18 00:00:00",0
129,"12/03/18 00:00:00",0
148,"12/03/18 00:00:00",0
60,"12/03/18 00:00:00",0
59,"04/17/18 11:07:00",0
59,"05/11/18 12:20:00",-16
59,"08/09/18 14:59:00",-26
59,"11/06/18 18:33:00",-26
59,"11/27/18 14:48:00",-16
59,"12/03/18 00:00:00",0
56,"11/21/18 00:00:00",-60
56,"12/03/18 00:00:00",0
56,"03/27/19 00:00:00",0
56,"04/24/19 00:00:00",-100
129,"03/27/19 00:00:00",0
129,"04/24/19 00:00:00",0
60,"03/27/19 00:00:00",0
60,"04/24/19 00:00:00",-70
61,"03/27/19 00:00:00",0
61,"04/24/19 00:00:00",-90
112,"04/02/19 00:00:00",0
112,"05/02/19 00:00:00",-90
59,"04/02/19 00:00:00",0
59,"05/02/19 00:00:00",-40
148,"04/02/19 00:00:00",0
148,"05/02/19 00:00:00",-70
190,"12/03/18 00:00:00",0
190,"04/04/19 00:00:00",0
190,"05/07/19 00:00:00",-40
142,"12/03/18 00:00:00",0
142,"04/04/19 00:00:00",0
142,"05/07/19 00:00:00",-50
81,"12/31/16 00:00:00",0
81,"06/12/18 00:00:00",0
81,"07/09/18 00:00:00",-10
81,"09/11/18 00:00:00",0
81,"04/04/19 00:00:00",0
81,"05/07/19 00:00:00",-110
61,"05/28/19 00:00:00",-110
129,"05/28/19 00:00:00",-140
56,"05/28/19 00:00:00",-140
60,"05/28/19 00:00:00",-60
112,"05/29/19 00:00:00",-210
59,"05/29/19 00:00:00",-20
84,"04/02/19 00:00:00",0
84,"05/02/19 00:00:00",-30
148,"05/29/19 00:00:00",-100
34,"11/20/18 00:00:00",0
34,"05/16/19 00:00:00",0
34,"06/12/19 00:00:00",-50
112,"06/25/19 00:00:00",-250
148,"06/25/19 00:00:00",-220
48,"05/12/15 11:11:00",0
48,"06/17/15 11:11:00",-40
59,"06/25/19 00:00:00",-80
58,"05/29/19 00:00:00",0
58,"06/25/19 00:00:00",-20
61,"06/26/19 00:00:00",-150
60,"06/26/19 00:00:00",-90
129,"06/26/19 00:00:00",-600
56,"06/26/19 00:00:00",-160
190,"08/01/19 00:00:00",-300
190,"08/27/19 00:00:00",-310
37,"08/01/19 00:00:00",-30
37,"08/27/19 00:00:00",-20
112,"09/06/19 00:00:00",-270
59,"09/06/19 00:00:00",-90
148,"08/06/19 00:00:00",-290
148,"09/06/19 00:00:00",-270
58,"08/06/19 00:00:00",-80
58,"09/06/19 00:00:00",-50
84,"11/05/18 06:38:00",0
84,"09/07/18 20:44:00",-56
84,"10/12/18 05:47:00",-56
84,"06/26/19 01:23:00",-75
84,"08/23/19 16:50:00",-95
84,"09/07/19 17:05:00",-58
84,"11/18/19 19:27:00",-74
37,"09/25/19 00:00:00",-40
190,"09/25/19 00:00:00",-200
142,"09/25/19 00:00:00",-110
1,"09/25/19 00:00:00",-70
131,"12/03/18 00:00:00",0
131,"08/22/19 00:00:00",0
131,"09/25/19 00:00:00",-40
34,"07/18/19 00:00:00",-80
34,"08/22/19 00:00:00",-90
34,"09/26/19 00:00:00",-40
301,"07/18/19 00:00:00",-70
301,"08/22/19 00:00:00",-80
301,"09/26/19 00:00:00",-80
58,"10/02/19 00:00:00",-20
112,"10/02/19 00:00:00",-170
59,"10/02/19 00:00:00",-30
148,"10/02/19 00:00:00",-160
56,"07/17/19 00:00:00",-140
56,"08/26/19 00:00:00",-60
56,"10/03/19 00:00:00",0
60,"07/17/19 00:00:00",-80
60,"08/01/19 00:00:00",-70
60,"08/26/19 00:00:00",-40
60,"10/03/19 00:00:00",-40
61,"08/26/19 00:00:00",-30
61,"10/04/19 00:00:00",-30
58,"10/09/19 00:00:00",0
112,"10/29/19 00:00:00",-200
148,"10/29/19 00:00:00",-100
59,"10/29/19 00:00:00",-20
129,"07/17/19 00:00:00",-380
129,"08/01/19 00:00:00",-300
129,"08/26/19 00:00:00",-120
129,"11/06/19 00:00:00",-140
59,"11/19/19 00:00:00",0
112,"11/19/19 00:00:00",-240
131,"10/21/19 00:00:00",0
112,"12/03/19 00:00:00",-60
84,"12/05/19 00:00:00",-60
129,"12/10/19 00:00:00",0
112,"12/12/19 00:00:00",0
84,"12/12/19 00:00:00",0
148,"11/19/19 00:00:00",-80
148,"12/12/19 00:00:00",0
61,"12/12/19 00:00:00",0
1,"12/03/18 00:00:00",0
1,"06/05/19 00:00:00",0
1,"07/03/19 00:00:00",-60
190,"06/05/19 00:00:00",0
190,"07/03/19 00:00:00",-30
142,"06/05/19 00:00:00",-30
142,"07/03/19 00:00:00",-30
37,"06/05/19 00:00:00",0
37,"07/03/19 00:00:00",-40
48,"07/08/15 11:11:00",-40
48,"07/29/15 00:00:00",-40
48,"08/13/15 11:11:00",-30
48,"09/03/15 11:11:00",-25
48,"09/30/15 11:11:00",-15
48,"10/21/15 11:11:00",-28
48,"11/20/15 11:11:00",0
48,"06/12/16 00:00:00",0
48,"06/12/16 16:20:00",0
48,"06/29/16 10:00:00",-30
48,"06/29/16 11:11:00",-30
48,"07/20/16 10:00:00",-50
48,"07/20/16 11:11:00",-50
48,"08/10/16 00:00:00",-32
48,"09/07/16 11:11:00",-26
48,"09/07/16 13:34:00",-26
48,"10/27/16 00:00:00",-10
48,"12/01/16 00:00:00",0
48,"03/12/17 00:00:00",0
48,"05/10/17 11:00:00",-30
48,"05/10/17 11:11:00",-30
48,"05/30/17 00:00:00",-60
48,"06/21/17 00:00:00",-90
48,"06/21/17 11:11:00",-90
48,"07/20/17 00:00:00",-60
48,"07/27/17 00:00:00",-60
48,"07/27/17 15:10:00",-60
48,"09/06/17 00:00:00",-60
48,"09/27/17 11:11:00",-30
48,"09/27/17 13:04:00",-30
48,"10/18/17 11:00:00",-30
48,"10/18/17 11:11:00",-30
48,"11/01/17 00:00:00",0
61,"05/01/20 00:00:00",0
61,"05/13/20 00:00:00",-50
129,"05/01/20 00:00:00",0
129,"05/13/20 00:00:00",-200
1,"10/21/19 00:00:00",0
1,"05/01/20 00:00:00",0
1,"05/20/20 00:00:00",-60
142,"10/21/19 00:00:00",0
142,"05/01/20 00:00:00",0
142,"05/20/20 00:00:00",-50
190,"10/21/19 00:00:00",0
190,"05/01/20 00:00:00",0
190,"05/20/20 00:00:00",-50
301,"10/22/19 00:00:00",0
301,"05/01/20 00:00:00",0
301,"05/27/20 00:00:00",-20
143,"05/01/20 00:00:00",0
143,"05/28/20 00:00:00",-40
112,"05/13/20 00:00:00",0
112,"06/04/20 00:00:00",-210
48,"03/08/18 00:00:00",0
48,"04/25/18 00:00:00",-20
48,"05/23/18 00:00:00",-20
48,"06/20/18 00:00:00",-30
48,"07/23/18 00:00:00",-30
48,"08/07/18 00:00:00",-30
48,"08/07/18 13:37:00",-30
48,"08/28/18 00:00:00",-30
48,"09/25/18 15:08:00",-30
48,"12/03/18 00:00:00",0
48,"04/17/19 00:00:00",0
48,"05/22/19 00:00:00",-40
48,"06/12/19 00:00:00",-80
48,"07/23/19 00:00:00",-70
48,"08/14/19 00:00:00",-70
48,"09/03/19 00:00:00",-70
48,"10/02/19 00:00:00",-30
48,"11/20/19 00:00:00",0
48,"04/01/20 00:00:00",0
48,"05/06/20 00:00:00",-50
48,"06/24/20 00:00:00",-80
48,"07/23/20 00:00:00",-80
48,"08/11/20 00:00:00",-70
48,"09/01/20 00:00:00",-60
48,"09/24/20 00:00:00",-50
48,"10/12/20 00:00:00",-40
48,"12/22/20 00:00:00",0
48,"07/20/21 00:00:00",0
48,"08/17/21 00:00:00",-70
48,"09/15/21 00:00:00",-50
48,"11/30/21 00:00:00",0
48,"03/03/22 00:00:00",0
48,"04/05/22 00:00:00",-50
142,"06/10/21 00:55:00",0
142,"07/07/21 04:25:00",-85
142,"09/01/21 00:00:00",0
60,"01/03/22 00:00:00",0
60,"04/13/22 00:00:00",0
60,"05/04/22 00:00:00",-40
34,"10/22/19 00:00:00",0
34,"08/12/20 00:00:00",-60
34,"10/22/20 00:00:00",-20
59,"04/20/22 00:00:00",0
59,"05/11/22 00:00:00",-20
84,"04/20/22 00:00:00",0
58,"04/20/22 00:00:00",0
58,"05/11/22 00:00:00",-20
1,"12/31/21 00:00:00",0
1,"05/03/22 00:00:00",0
1,"05/31/22 00:00:00",-50
142,"05/03/22 00:00:00",0
142,"05/31/22 00:00:00",-50
129,"05/04/22 00:00:00",0
129,"06/01/22 00:00:00",-350
55,"05/04/22 00:00:00",0
55,"06/01/22 00:00:00",-70
319,"05/04/22 00:00:00",0
56,"05/04/22 00:00:00",0
56,"06/01/22 00:00:00",-220
61,"05/04/22 00:00:00",0
61,"06/01/22 00:00:00",-50
60,"06/01/22 00:00:00",-140
112,"01/03/22 00:00:00",0
112,"05/11/22 00:00:00",0
112,"06/07/22 00:00:00",-100
59,"06/07/22 00:00:00",-25
148,"01/03/22 00:00:00",0
148,"05/11/22 00:00:00",0
148,"06/07/22 00:00:00",-60
58,"06/07/22 00:00:00",0
1,"06/14/22 00:00:00",-60
143,"11/12/20 00:00:00",0
143,"05/31/22 00:00:00",0
143,"06/14/22 00:00:00",-100
142,"06/14/22 00:00:00",-30
190,"05/31/22 00:00:00",0
190,"06/14/22 00:00:00",-15
37,"05/31/22 00:00:00",0
59,"05/13/20 00:00:00",0
59,"06/04/20 00:00:00",-40
84,"05/13/20 00:00:00",0
148,"05/13/20 00:00:00",0
148,"06/04/20 00:00:00",-70
129,"06/10/20 00:00:00",-620
56,"05/13/20 00:00:00",0
56,"06/10/20 00:00:00",-80
60,"10/21/19 00:00:00",0
60,"05/13/20 00:00:00",0
60,"06/10/20 00:00:00",-100
61,"06/10/20 00:00:00",-80
1,"06/16/20 00:00:00",-70
142,"06/16/20 00:00:00",-80
190,"06/16/20 00:00:00",-60
143,"06/17/20 00:00:00",-60
319,"06/01/22 09:47:00",-68
34,"05/27/20 00:00:00",0
34,"06/22/20 00:00:00",-90
301,"06/22/20 00:00:00",-20
112,"07/01/20 00:00:00",-300
59,"07/01/20 00:00:00",-40
34,"06/08/22 00:00:00",0
84,"10/03/19 01:55:00",-82
84,"06/03/20 09:56:00",-29
84,"07/02/20 18:54:00",-37
84,"07/29/20 11:47:00",-20
84,"06/07/22 18:02:00",-41
148,"07/01/20 00:00:00",-120
319,"06/12/20 00:00:00",0
319,"07/06/20 00:00:00",-30
129,"07/06/20 00:00:00",-650
56,"07/06/20 00:00:00",-140
60,"07/06/20 00:00:00",-80
61,"07/06/20 00:00:00",-200
1,"07/16/20 00:00:00",-90
142,"07/16/20 00:00:00",-30
37,"10/21/19 00:00:00",0
37,"06/16/20 00:00:00",0
37,"07/16/20 00:00:00",-30
34,"07/21/20 00:00:00",-70
301,"07/21/20 00:00:00",-80
319,"07/28/20 00:00:00",-30
190,"07/16/20 11:45:00",-173
129,"07/28/20 00:00:00",-340
60,"07/28/20 00:00:00",-100
56,"07/28/20 00:00:00",-100
61,"07/28/20 00:00:00",-80
148,"07/29/20 00:00:00",-210
59,"07/29/20 00:00:00",-120
112,"07/29/20 00:00:00",-250
58,"07/01/20 00:00:00",0
58,"07/29/20 00:00:00",-20
37,"08/04/20 00:22:00",0
190,"08/04/20 00:00:00",-72
142,"08/04/20 00:17:00",0
60,"08/12/20 00:00:00",-60
61,"08/12/20 00:00:00",-50
129,"08/12/20 00:00:00",-200
56,"08/12/20 00:00:00",-120
319,"08/12/20 00:00:00",-20
1,"08/04/20 00:00:00",-100
112,"08/18/20 00:00:00",-240
59,"08/18/20 00:00:00",-80
148,"08/18/20 00:00:00",-250
58,"08/18/20 00:00:00",-10
1,"08/26/20 00:00:00",-120
190,"08/26/20 00:00:00",-230
37,"08/26/20 00:00:00",-60
142,"08/26/20 00:00:00",-30
319,"09/01/20 00:00:00",0
129,"09/01/20 00:00:00",-150
60,"09/01/20 00:00:00",-60
56,"09/01/20 00:00:00",-140
61,"09/01/20 00:00:00",-40
301,"09/02/20 00:00:00",-60
34,"09/02/20 00:00:00",-60
59,"09/08/20 00:00:00",-120
58,"09/08/20 00:00:00",-40
148,"09/08/20 00:00:00",-230
112,"09/08/20 00:00:00",-250
1,"09/15/20 00:00:00",-170
142,"09/15/20 00:00:00",-20
143,"09/15/20 00:00:00",-40
37,"09/15/20 00:00:00",0
190,"09/15/20 00:00:00",-210
60,"09/22/20 00:00:00",-46
56,"09/22/20 00:00:00",-110
129,"09/22/20 00:00:00",-110
61,"09/22/20 00:00:00",0
301,"09/29/20 00:00:00",0
34,"09/29/20 00:00:00",-30
129,"10/12/20 00:00:00",-340
56,"10/12/20 00:00:00",-100
148,"10/07/20 00:00:00",-160
148,"11/04/20 00:00:00",-100
84,"10/07/20 00:00:00",-50
112,"10/07/20 00:00:00",-120
112,"11/04/20 00:00:00",-150
129,"11/06/20 00:00:00",-170
60,"10/12/20 00:00:00",-45
60,"11/06/20 00:00:00",-40
56,"11/06/20 00:00:00",-90
112,"11/25/20 00:00:00",0
84,"11/25/20 00:00:00",0
148,"11/25/20 00:00:00",-80
129,"12/01/20 00:00:00",0
56,"12/01/20 00:00:00",0
148,"12/04/20 00:00:00",-80
148,"12/16/20 00:00:00",0
129,"05/05/21 00:00:00",0
129,"06/02/21 00:00:00",-450
56,"05/05/21 00:00:00",0
56,"06/02/21 00:00:00",-240
60,"12/01/20 00:00:00",0
60,"05/05/21 00:00:00",0
60,"06/02/21 00:00:00",-70
112,"04/27/21 00:00:00",0
112,"05/26/21 00:00:00",-70
112,"06/16/21 00:00:00",-200
59,"10/07/20 00:00:00",0
59,"05/26/21 00:00:00",0
59,"06/16/21 00:00:00",-50
84,"05/26/21 00:00:00",0
148,"05/26/21 00:00:00",0
148,"06/16/21 00:00:00",-140
61,"06/02/21 00:00:00",0
61,"06/24/21 00:00:00",-140
319,"06/02/21 00:00:00",0
319,"06/24/21 00:00:00",-70
60,"06/24/21 00:00:00",-110
129,"06/24/21 00:00:00",-740
56,"06/24/21 00:00:00",-290
34,"11/02/20 00:00:00",0
34,"06/10/21 00:00:00",0
34,"07/06/21 00:00:00",0
190,"10/08/20 00:00:00",-30
1,"10/08/20 00:00:00",0
1,"06/09/21 00:00:00",0
1,"07/07/21 00:00:00",-70
142,"10/08/20 00:00:00",0
190,"11/01/20 00:00:00",0
190,"06/09/21 00:00:00",0
190,"07/07/21 00:00:00",-20
37,"06/09/21 00:00:00",0
37,"07/07/21 00:00:00",-50
112,"07/08/21 00:00:00",-210
148,"07/08/21 00:00:00",-300
59,"07/08/21 00:00:00",-70
60,"07/14/21 00:00:00",0
60,"07/28/21 00:00:00",-80
129,"07/28/21 00:00:00",-620
56,"07/28/21 00:00:00",-140
61,"07/28/21 00:00:00",-100
319,"07/28/21 00:00:00",-140
190,"07/27/21 00:00:00",-50
37,"07/27/21 00:00:00",0
142,"07/27/21 00:00:00",-30
1,"07/27/21 00:00:00",-110
131,"07/14/21 00:00:00",0
131,"07/27/21 00:00:00",-50
37,"06/14/22 00:00:00",-80
129,"06/17/22 00:00:00",-510
56,"06/16/22 00:00:00",-200
60,"06/16/22 00:00:00",-120
112,"06/22/22 00:00:00",-70
59,"06/22/22 00:00:00",-100
148,"06/22/22 00:00:00",-100
61,"06/22/22 00:00:00",-50
1,"07/06/22 00:00:00",-60
190,"07/06/22 00:00:00",-15
143,"07/06/22 00:00:00",-40
142,"07/06/22 00:00:00",-10
37,"07/06/22 00:00:00",-30
301,"06/08/22 00:00:00",0
301,"07/07/22 00:00:00",-20
319,"08/31/21 00:00:00",0
61,"08/31/21 00:00:00",-80
131,"09/01/21 00:00:00",0
1,"09/01/21 00:00:00",-90
190,"09/01/21 00:00:00",0
112,"09/02/21 00:00:00",-270
59,"09/02/21 00:00:00",-30
148,"09/02/21 00:00:00",-110
58,"10/07/20 00:00:00",0
58,"08/03/21 00:00:00",0
58,"09/02/21 00:00:00",-30
129,"12/07/21 00:00:00",-110
60,"12/07/21 00:00:00",-70
59,"08/03/21 00:00:00",-15
112,"08/03/21 00:00:00",-160
148,"08/03/21 00:00:00",-140
56,"08/31/21 00:00:00",-90
129,"08/31/21 00:00:00",-280
60,"08/31/21 00:00:00",-80
56,"12/07/21 00:00:00",0
61,"12/07/21 00:00:00",0
112,"12/14/21 00:00:00",-150
84,"12/14/21 00:00:00",0
148,"12/14/21 00:00:00",-100
129,"12/22/21 00:00:00",0
60,"12/22/21 00:00:00",-30
60,"09/28/21 00:00:00",-90
129,"09/28/21 00:00:00",-220
56,"09/28/21 00:00:00",-90
319,"09/28/21 00:00:00",-90
61,"09/28/21 00:00:00",-100
112,"09/30/21 00:00:00",-220
59,"09/30/21 00:00:00",-60
148,"09/30/21 00:00:00",-100
58,"09/30/21 00:00:00",-20
1,"10/05/21 00:00:00",-30
58,"10/13/21 00:00:00",-30
319,"10/21/21 00:00:00",-60
56,"10/27/21 00:00:00",-30
129,"10/27/21 00:00:00",-150
60,"10/27/21 00:00:00",-90
61,"10/27/21 00:00:00",-100
112,"11/03/21 00:00:00",-300
59,"11/03/21 00:00:00",-80
148,"11/03/21 00:00:00",-180
58,"11/03/21 00:00:00",0
129,"11/17/21 00:00:00",-100
319,"11/17/21 00:00:00",0
56,"11/17/21 00:00:00",-40
60,"11/17/21 00:00:00",-70
61,"11/17/21 00:00:00",-80
112,"11/25/21 00:00:00",-170
59,"11/24/21 00:00:00",0
84,"10/31/20 00:46:00",-46
84,"08/19/20 20:29:00",-45
84,"09/10/20 05:11:00",-49
84,"06/16/21 06:20:00",-45
84,"07/08/21 23:05:00",-252
84,"08/04/21 15:58:00",-161
84,"09/01/21 16:53:00",-16
84,"10/01/21 01:51:00",-49
84,"11/03/21 10:56:00",-161
84,"03/03/22 14:54:00",0
84,"06/25/22 02:37:00",-37
84,"08/12/22 04:11:00",-33
148,"11/24/21 00:00:00",-100
319,"06/16/22 08:42:00",-45
319,"06/28/22 06:07:00",-48
319,"07/12/22 07:24:00",-134
60,"07/12/22 00:00:00",-150
129,"07/12/22 00:00:00",-350
56,"07/12/22 00:00:00",-150
55,"07/12/22 00:00:00",-30
61,"07/25/22 00:00:00",-50
112,"07/26/22 00:00:00",-70
58,"06/22/22 00:00:00",-40
58,"07/26/22 00:00:00",-50
59,"07/26/22 00:00:00",-110
148,"07/26/22 00:00:00",-150
3,"05/17/22 00:00:00",0
3,"07/27/22 00:00:00",-40
1,"07/27/22 00:00:00",-70
190,"07/27/22 00:00:00",-45
37,"07/27/22 00:00:00",0
142,"07/27/22 00:00:00",-20
319,"08/02/22 00:00:00",-120
56,"08/02/22 00:00:00",-180
129,"08/02/22 00:00:00",-100
60,"08/02/22 00:00:00",-115
55,"08/02/22 00:00:00",-10
34,"07/07/22 00:00:00",-40
34,"08/04/22 00:00:00",-60
301,"08/04/22 00:00:00",-30
131,"07/27/22 00:00:00",0
131,"08/09/22 00:00:00",-20
1,"08/09/22 00:00:00",-100
142,"08/09/22 00:00:00",-30
190,"08/09/22 00:00:00",-80
37,"08/09/22 00:00:00",-45
112,"08/10/22 00:00:00",-50
58,"08/10/22 00:00:00",-90
59,"08/10/22 02:09:00",-141
148,"08/10/22 00:00:00",-150
84,"07/21/18 07:57:00",-46
84,"08/10/18 13:16:00",-66
84,"05/28/19 17:56:00",-56
84,"10/28/19 10:45:00",-20
84,"11/23/21 11:36:00",-49
84,"04/12/22 16:12:00",-70
84,"05/13/22 09:12:00",-49
84,"07/25/22 19:37:00",-29
156,"05/24/22 00:00:00",0
156,"06/16/22 00:00:00",-18
156,"07/19/22 00:00:00",-24
156,"08/18/22 00:00:00",-28
137,"08/17/22 00:00:00",-40
112,"08/23/22 00:00:00",-40
84,"08/23/22 00:00:00",-26
58,"08/23/22 00:00:00",-70
59,"08/23/22 00:00:00",-130
148,"08/23/22 00:00:00",-170
56,"08/24/22 00:00:00",-230
129,"08/24/22 00:00:00",-120
55,"08/24/22 00:00:00",-10
60,"08/24/22 00:00:00",-80
319,"08/24/22 00:00:00",-170
61,"08/31/22 00:00:00",-70
131,"09/07/22 00:00:00",-50
142,"09/07/22 00:00:00",-10
3,"09/07/22 00:00:00",-40
190,"09/07/22 00:00:00",-60
37,"09/07/22 00:00:00",0
34,"09/08/22 00:00:00",-75
34,"09/27/22 00:00:00",-50
142,"09/28/22 00:00:00",0
190,"09/28/22 00:00:00",-20
37,"09/28/22 00:00:00",0
143,"09/28/22 00:00:00",0
61,"10/07/22 00:00:00",-70
156,"08/09/22 00:00:00",-30
156,"09/01/22 00:00:00",-28
156,"09/05/22 00:00:00",-27
156,"09/09/22 00:00:00",-25
156,"09/13/22 00:00:00",-19
156,"09/16/22 00:00:00",-13
156,"10/06/22 00:00:00",-5
