nosec,snoptsec,sabsc,scoteinf,scotesup
6,1,0,20590,21000
6,2,400,20560,
6,3,1100,20580,
6,4,1500,20550,
6,5,2900,20510,
6,6,3500,20240,
6,7,7400,20240,
6,8,7700,20500,
6,9,8900,20450,
6,10,10200,20570,
6,11,11500,20640,
6,12,12800,20700,
6,13,13200,20690,21000
0,1,0,20980,23000
0,2,670,20450,
0,3,1420,20380,
0,4,1850,20210,
0,5,2250,20160,
0,6,2650,20140,
0,7,3050,20150,
0,8,3450,20140,
0,9,3850,20080,
0,10,5050,20210,
0,11,5420,20390,
0,12,5820,20540,
0,13,6220,20760,
0,14,6620,21010,
0,15,7620,21010,23000
1,1,0,20590,21000
1,2,400,20560,
1,3,1100,20580,
1,4,1500,20550,
1,5,2900,20510,
1,6,3500,20240,
1,7,7400,20240,
1,8,7700,20500,
1,9,8900,20450,
1,10,10200,20570,
1,11,11500,20640,
1,12,12800,20700,
1,13,13200,20690,21000
3,1,0,19670,21000
3,2,210,19420,
3,3,610,19460,
3,4,1010,19520,
3,5,1410,19530,
3,6,1840,19460,
3,7,1850,19200,
3,8,5450,19200,
3,9,5460,19490,
3,10,6530,19540,21000
83,45,980,25904,
83,46,990,25907,
83,47,1005,25904,
83,48,1008,25915,
83,49,1022,25920,
83,50,1031,25918,
83,51,1037,25929,
83,52,1044,25927,
83,53,1061,25939,
83,54,1070,25953,
83,55,1086,25964,
83,56,1092,25964,
83,57,1100,25958,
83,58,1115,25960,26023
83,1,0,25980,26023
83,2,18,25982,
83,3,20,25976,
83,4,28,25960,
83,5,53,25928,
83,6,75,25911,
83,7,92,25909,
83,8,96,25911,
83,9,110,25911,
83,10,119,25910,
83,11,142,25911,
83,12,169,25911,
83,13,176,25911,
83,14,185,25910,
83,15,195,25911,
83,16,330,25914,
83,17,387,25912,
83,18,405,25906,
83,19,415,25906,
83,20,422,25904,
83,21,504,25904,
83,22,518,25906,
83,23,529,25906,
83,24,547,25904,
83,25,554,25902,
83,26,582,25906,
102,1,0,20954,21050
102,2,196,20778,
102,3,287,20784,
102,4,317,20778,
102,5,363,20778,
102,6,393,20784,
102,7,468,20754,
102,8,499,20736,
102,9,665,20651,
102,10,680,20639,
102,11,710,20639,
102,12,771,20602,
102,13,861,20578,
102,14,982,20536,
102,15,1058,20512,
102,16,1118,20487,
102,17,1148,20475,
102,18,1194,20469,
102,19,1239,20463,
102,20,1315,20463,
102,21,1330,20445,
102,22,1436,20439,
102,23,1511,20439,
102,24,3476,20433,
102,25,3506,20439,
102,26,3551,20433,
102,27,3642,20445,
102,28,3717,20451,
102,29,3748,20469,
102,30,3808,20469,
102,31,3853,20512,
102,32,3959,20512,
102,33,3974,20530,
102,34,4095,20512,
102,35,4246,20493,
102,36,4307,20487,
102,37,4609,20487,
102,38,4775,20512,
102,39,4941,20554,
102,40,5092,20615,
10,1,0,25846,25846
10,2,2,25706,
10,3,47,25692,
10,4,76,25673,
10,5,195,25656,
10,6,289,25646,
10,7,356,25635,
10,8,441,25634,
10,9,512,25635,
10,10,574,25653,
10,11,581,25699,
10,12,612,25704,
10,13,613,25844,25844
28,1,0,22251,22640
28,2,95,22253,
28,3,206,22254,
28,4,310,22251,
28,5,412,22245,
28,6,520,22240,
28,7,631,22236,
28,8,742,22242,
28,9,873,22244,
28,10,995,22241,
30,1,0,19700,19800
30,2,72,19660,
30,3,238,19565,
30,4,368,19493,
30,5,396,19440,
30,6,461,19418,
30,7,515,19377,
30,8,569,19361,
30,9,643,19350,
30,10,693,19339,
30,11,766,19334,
30,12,844,19341,
30,13,925,19344,
30,14,1010,19348,
30,15,1085,19340,
30,16,1164,19348,
30,17,1186,19353,
30,18,1201,19376,
30,19,1237,19374,
30,20,1245,19465,
30,21,1254,19474,
30,22,1311,19475,
30,23,1425,19542,
30,24,1584,19645,
30,25,1678,19701,19800
83,27,586,25904,
83,28,621,25910,
83,29,667,25910,
83,30,692,25905,
83,31,717,25907,
83,32,738,25906,
83,33,763,25910,
83,34,811,25907,
83,35,813,25904,
83,36,831,25907,
89,1,-970,24647,24917
89,2,-821,24647,
89,3,-820,24629,
89,4,-720,24628,
89,5,-620,24631,
89,6,-520,24626,
89,7,-405,24624,24918
89,8,-404,24624,24625
89,9,-1,24501,24502
89,10,0,24501,24719
89,11,150,24503,
89,12,250,,24814
89,13,300,24507,
89,14,450,24513,24839
89,15,595,24515,24837
89,16,740,24505,24795
89,17,845,24478,24758
89,18,950,24476,24725
89,19,951,24476,24477
89,20,1089,24468,24469
89,21,1090,24468,24720
13,1,0,19600,19835
13,2,81,19593,
13,3,84,19584,
13,4,688,19600,
13,5,1279,19584,
13,6,1282,19594,
13,7,1460,19599,
13,8,1525,19599,
13,9,1571,19599,
13,10,1587,19511,
13,11,1745,19506,
13,12,1754,19500,
13,13,2049,19492,
13,14,2052,19477,
13,15,2104,19468,
13,16,2144,19382,
13,17,2171,19275,
13,18,2203,19267,
13,19,2357,19227,
13,20,2412,19196,
13,21,2602,19173,
13,22,2846,19194,
13,23,3037,19194,
13,24,3471,19175,
13,25,3551,19118,
13,26,3615,19116,
13,27,4209,19134,
13,28,4593,19130,
13,29,4918,19140,
13,30,5331,19159,
13,31,5843,19164,
13,32,6067,19158,
13,33,6523,19156,
13,34,6603,19191,
13,35,6614,19191,
13,36,6739,19225,
13,37,6796,19232,
13,38,6931,19245,
13,39,7046,19255,
13,40,7144,19290,
13,41,7244,19299,
13,42,7271,19598,
13,43,7271,19598,
13,44,7681,19610,
13,45,7738,19660,
13,46,7854,19680,
13,47,8003,19759,
13,48,8108,19814,
13,49,8188,19835,19835
78,1,0,20021,25000
78,2,366,19851,
78,3,596,19681,
78,4,706,19623,
78,5,763,19590,
78,6,791,19567,
78,7,900,19531,
78,8,1051,19511,
78,9,1157,19492,
78,10,1216,19484,
78,11,1306,19479,
78,12,1391,19479,
78,13,1487,19477,
78,14,1586,19474,
78,15,1668,19472,
78,16,1777,19472,
78,17,1865,19470,
78,18,1974,19469,
78,19,2088,19450,
78,20,2196,19452,
78,21,2410,19463,
78,22,2500,19464,
78,23,2592,19465,
78,24,2710,19469,
78,25,2822,19473,
78,26,2944,19472,
78,27,3351,19501,
78,28,3442,19510,
78,29,3566,19512,
78,30,3665,19523,
78,31,3781,19521,
78,32,3856,19537,
78,33,3876,19562,
28,11,1103,22241,
28,12,1179,22263,22640
29,1,0,22611,22611
29,2,200,22611,
29,3,800,22420,
29,4,1500,22374,
29,5,1600,22247,
29,6,2020,22230,
42,1,0,19332,21000
42,2,157,19259,
42,3,235,19219,
42,4,332,19159,
42,5,434,19080,
42,6,457,19043,
42,7,502,19049,
42,8,547,18971,
42,9,631,18911,
42,10,699,18859,
42,11,773,18816,
42,12,779,18817,
42,13,849,18785,
42,14,1072,18785,
42,15,1096,18785,
42,16,1458,18784,
42,17,1803,18771,
42,18,1969,18800,
42,19,2356,18806,
42,20,2464,18815,
42,21,2623,18835,
42,22,2969,18844,
42,23,3098,18844,
42,24,3312,18847,
42,25,3527,18843,
42,26,3777,18851,
42,27,3947,18846,
42,28,4154,18850,
42,29,4325,18870,
42,30,4483,18909,
42,31,4534,18944,
42,32,4600,18982,
42,33,4671,18996,
42,34,4769,18997,
42,35,4843,19004,
42,36,4861,19050,
42,37,4946,19093,
42,38,5101,19154,
42,39,5230,19242,
42,40,5364,19266,
42,41,5556,19275,
42,42,5654,19258,
42,43,5688,19255,
106,1,0,20372,21000
106,2,92,20331,
106,3,170,20288,
106,4,251,20227,
106,5,334,20199,
106,6,378,20195,
106,7,453,20188,
106,8,519,20158,
106,9,595,20147,
106,10,640,20144,
106,11,681,20136,
106,12,717,20137,
106,13,751,20150,
106,14,763,20175,
106,15,796,20186,
106,16,845,20223,
106,17,863,20259,
106,18,921,20278,
106,19,993,20304,
70,1,0,11021,12200
70,2,949,11003,
70,3,1510,10990,
70,4,1664,10993,
70,5,1667,10580,
70,6,1862,10590,
70,7,1954,10638,
70,8,2267,10648,
70,9,2389,10620,
70,10,2546,10621,
70,11,2644,10596,
70,12,2725,10572,
70,13,2814,10573,
70,14,2935,10502,
70,15,2966,10503,
70,16,3205,10491,
70,17,3317,10442,
70,18,3402,10415,
70,19,3665,10356,
70,20,3777,10312,
70,21,3902,10328,
70,22,4049,10286,
70,23,4182,10300,
70,24,4261,10299,
70,25,4373,10307,
70,26,4438,10292,
70,27,4562,10306,
70,28,4627,10300,
70,29,4674,10304,
70,30,4785,10294,
70,31,4890,10294,
70,32,4933,10283,
70,33,5148,10274,
70,34,5254,10280,
70,35,5482,10286,
70,36,5551,10280,
70,37,5622,10290,
70,38,5758,10299,
70,39,5963,10302,
83,37,859,25906,
83,38,870,25903,
83,39,879,25898,
83,40,882,25902,
83,41,918,25901,
83,42,935,25904,
83,43,962,25904,
83,44,973,25905,
84,1,0,26112,26500
84,2,112,26105,
84,3,225,26083,
84,4,333,26052,
84,5,441,26014,
84,6,700,25971,
84,7,798,25955,
84,8,839,25903,
84,9,944,25888,
84,10,1041,25898,
84,11,1168,25900,
84,12,1275,25905,
84,13,1388,25906,
84,14,1505,25907,
84,15,1621,25913,
84,16,1726,25904,
84,17,1832,25894,
84,18,1944,25890,
84,19,2025,25891,
84,20,2126,25896,
84,21,2326,25983,
84,22,2540,26119,
84,23,2618,26170,
84,24,2945,26171,26500
85,1,0,26139,28000
85,2,96,26137,
85,3,211,26133,
85,4,321,26131,
85,5,423,26130,
85,6,535,26130,
85,7,642,26129,
36,1,0,11021,15000
36,2,949,11003,
36,3,1510,10990,
36,4,1664,10993,
36,5,1667,10580,
36,6,1862,10590,
36,7,1954,10638,
36,8,2267,10648,
36,9,2389,10620,
36,10,2644,10596,
36,11,2724,10572,
36,12,2863,10502,
36,13,2894,10503,
36,14,3134,10491,
36,15,3246,10442,
36,16,3331,10415,
36,17,3593,10356,
36,18,3706,10312,
36,19,3831,10328,
36,20,3978,10286,
36,21,4298,10307,
36,22,4784,10294,
36,23,5018,10274,
36,24,6074,10322,
36,25,8402,10338,
36,26,12541,10389,
36,27,13960,10415,
36,28,16216,10530,
36,29,16839,10553,
36,30,17556,10573,
36,31,18742,10600,
36,32,20146,10660,
36,33,21373,10734,
36,34,22209,10697,
36,35,22746,10661,
36,36,23732,10676,
36,37,23826,10689,
36,38,25207,10741,
36,39,26510,10724,
36,40,26928,10703,
36,41,27133,10672,
36,42,27724,10520,
36,43,27937,10496,
36,44,28137,10407,
36,45,28341,10435,
36,46,28580,10325,
36,47,28632,10350,
36,48,28798,10327,
36,49,29259,10267,
36,50,29652,10530,
36,51,29783,10625,
36,52,30195,10682,
36,53,30570,10740,
36,54,30845,10844,
70,40,6039,10308,
70,41,6256,10322,
70,42,6357,10318,
70,43,6495,10322,
70,44,6742,10317,
70,45,6854,10329,
70,46,7143,10332,
70,47,7280,10343,
70,48,7404,10336,
70,49,7684,10337,
70,50,7829,10340,
70,51,7941,10336,
70,52,8361,10337,
70,53,8534,10350,
70,54,8647,10338,
70,55,8772,10344,
70,56,8996,10354,
70,57,9108,10358,
70,58,9439,10356,
70,59,9514,10350,
70,60,10096,10365,
70,61,10109,10362,
70,62,10234,10356,
70,63,10411,10356,
70,64,10524,10352,
70,65,10776,10359,
70,66,11028,10364,
70,67,11432,10372,
70,68,12268,10370,
70,69,12392,10377,
70,70,12505,10378,
70,71,12811,10389,
70,72,13056,10387,
70,73,13452,10398,
70,74,13491,10402,
36,55,31604,10959,
36,56,32035,10967,
36,57,32751,10948,
36,58,35881,10856,
36,59,43904,10913,
36,60,44972,10955,
36,61,45925,11004,
36,62,50732,11081,
36,63,50991,11065,
36,64,51160,11046,
36,65,51541,10791,
36,66,52815,10738,
36,67,53185,10908,
36,68,53447,11026,
36,69,56569,11050,
36,70,56709,11038,
36,71,59358,11082,
36,72,60021,11055,
36,73,60535,10963,
36,74,61130,10884,
36,75,61611,10853,
36,76,62698,10797,
36,77,63221,10808,
36,78,63480,10788,
36,79,63709,10791,
36,80,65833,10832,
36,81,68700,10947,
36,82,69275,10851,
36,83,69797,10797,
36,84,69925,10803,
36,85,70211,10794,
36,86,70388,10800,
36,87,70477,10815,
36,88,70634,10868,
36,89,71416,10944,
36,90,75235,10965,
36,91,77648,10923,
36,92,79210,10877,
36,93,81907,10967,
36,94,82271,10932,
36,95,82681,10963,
36,96,83846,10947,
36,97,84282,10964,
36,98,84500,10961,
36,99,84712,10969,
36,100,85784,10964,
36,101,88028,10844,
36,102,90610,10912,
36,103,91093,10844,
36,104,92154,10868,
36,105,92388,10906,
36,106,92714,10923,
36,107,93572,10877,
36,108,96082,10843,
36,109,97990,10791,
36,110,99372,10885,
36,111,100371,10911,
36,112,101788,10940,
36,113,103907,10901,
36,114,104439,10928,
36,115,104718,10891,
36,116,106929,10922,
36,117,107060,10947,
36,118,107283,10935,
36,119,107396,10916,
36,120,108534,10702,
36,121,108612,10716,
36,122,108996,10765,
36,123,109345,10807,
36,124,109718,10910,
36,125,109937,10950,
36,126,112489,10936,
36,127,114121,10970,
36,128,117473,10897,
36,129,118798,10853,
36,130,120656,10803,
36,131,121618,10875,
36,132,122327,10883,
36,133,122997,10825,
36,134,123287,10768,
36,135,124461,10723,
36,136,124986,10775,
36,137,125342,10899,
36,138,125958,11017,
36,139,126430,11058,
36,140,135317,10993,
36,141,136127,10951,
36,142,139123,10988,
36,143,140128,10935,
36,144,150293,10946,
36,145,151083,10875,
36,146,151358,10845,
36,147,152012,10971,
36,148,152122,11010,
36,149,152465,11021,
36,150,152818,11194,15000
38,1,0,20580,22000
38,2,214,20438,
38,3,347,20344,
38,4,489,20321,
38,5,577,20317,
38,6,672,20342,
38,7,827,20333,
38,8,1017,20335,
38,9,1073,20315,
38,10,1169,20296,
38,11,1272,20325,
38,12,1292,20306,
38,13,1308,20256,
38,14,1457,20242,
38,15,1562,20267,
38,16,1720,20281,
38,17,1909,20277,
38,18,2100,20268,
38,19,2296,20256,
38,20,2368,20251,
38,21,2391,20208,
38,22,2488,20203,
38,23,2633,20204,
38,24,2792,20208,
38,25,2948,20211,
38,26,3099,20204,
38,27,3221,20174,
38,28,3302,20116,
38,29,3364,20062,
38,30,3466,20047,
38,31,4591,20201,
38,32,4685,20164,
38,33,4784,20135,
38,34,4854,20094,
38,35,4932,20068,
38,36,5044,20046,
38,37,5130,20013,
38,38,5140,20007,
38,39,5651,20021,
38,40,5719,20006,
38,41,5739,20001,
38,42,5978,19992,
38,43,6086,20015,
38,44,6133,20035,
38,45,6817,20304,
38,46,6895,20449,22000
39,1,0,20707,30000
39,2,529,20676,
39,3,776,20678,
39,4,779,20571,
87,1,0,27034,30000
87,2,18451,26944,
87,3,18468,26905,
87,4,18490,26953,
87,5,18987,26964,
87,6,20102,26955,
87,7,21404,26956,
87,8,22721,26949,
87,9,24115,26940,
87,10,25418,26938,
87,11,26833,26931,
87,12,27990,26926,
87,13,28724,26918,
87,14,29097,26908,
87,15,30447,26921,
87,16,31808,26925,
87,17,32529,26932,
87,18,32770,26919,
87,19,32878,26911,
87,20,32938,26896,
87,21,32955,26838,
87,22,33023,26822,
87,23,33117,26824,
87,24,33208,26816,
87,25,33286,26809,
87,26,33378,26807,
87,27,33457,26811,
87,28,33533,26849,
87,29,33557,26876,
87,30,33607,26901,
87,31,33753,26927,
87,32,34232,26932,
87,33,35309,26933,
87,34,36147,26930,
39,5,830,20570,
39,6,877,20568,
39,7,888,20560,
39,8,1107,20567,
39,9,1294,20570,
39,10,1300,20575,
39,11,1895,20571,
39,12,2920,20580,
39,13,3859,20592,
39,14,4593,20604,
39,15,4941,20589,
39,16,5263,20589,
39,17,5599,20580,
39,18,5813,20438,
39,19,5946,20344,
39,20,6088,20321,
39,21,6176,20317,
39,22,6271,20342,
39,23,6426,20333,
39,24,6616,20335,
39,25,6672,20315,
39,26,6768,20296,
39,27,6871,20325,
39,28,6891,20306,
39,29,6906,20256,
39,30,7056,20242,
39,31,7161,20267,
39,32,7319,20281,
39,33,7508,20277,
39,34,7699,20268,
39,35,7895,20256,
39,36,7967,20251,
39,37,7990,20208,
39,38,8087,20203,
39,39,8232,20204,
39,40,8391,20208,
39,41,8547,20211,
39,42,8698,20204,
39,43,8820,20174,
39,44,8901,20116,
39,45,8963,20062,
39,46,9065,20047,
39,47,10190,20201,
39,48,10284,20164,
39,49,10383,20135,
39,50,10453,20094,
39,51,10531,20068,
39,52,10643,20046,
39,53,10729,20013,
39,54,10739,20007,
39,55,11250,20021,
39,56,11317,20006,
39,57,11338,20001,
39,58,11577,19992,
39,59,11685,20015,
39,60,11732,20035,
39,61,12416,20304,
39,62,12494,20449,
39,63,12873,20459,
39,64,13171,20466,
39,65,13445,20481,
39,66,13580,20525,
39,67,13734,20558,
39,68,14060,20564,
39,69,14643,20558,
39,70,15375,20551,
39,71,15804,20548,
39,72,15832,20562,
39,73,15869,20561,
39,74,15964,20539,
39,75,16393,20531,
39,76,16933,20529,
39,77,32581,20713,
39,78,33695,20732,
39,79,34791,20762,
39,80,36149,20784,
39,81,36848,20790,
39,82,36997,20769,
39,83,37094,20771,
39,84,38378,20772,
39,85,39177,20775,
39,86,39326,20809,
39,87,39507,20817,
39,88,39546,20810,
39,89,40804,20826,
39,90,64931,20542,
39,91,65254,20694,
39,92,66318,20697,
39,93,66407,20678,
39,94,67000,20707,
39,95,67324,20704,
39,96,67326,20724,
39,97,67350,20724,
39,98,67464,20717,
39,99,67467,20727,
39,100,67496,20726,
39,101,67501,20713,
39,102,67664,20716,
39,103,67900,20716,
39,104,67905,20707,
39,105,68368,20724,
39,106,68987,20727,
39,107,68993,20741,
39,108,69249,20749,
39,109,70197,20799,
39,110,70959,20843,
39,111,102073,20843,30000
99,1,0,21168,22000
99,2,94,21067,
99,3,197,21020,
99,4,287,20981,
99,5,343,20951,
99,6,415,20926,
99,7,534,20906,
99,8,565,20907,
99,9,670,20904,
99,10,781,20896,
99,11,869,20880,
99,12,961,20861,
99,13,1039,20844,
99,14,1127,20824,
99,15,1130,20823,
99,16,1203,20803,
99,17,1247,20794,
99,18,1316,20772,
99,19,1385,20763,
99,20,1458,20755,
99,21,1563,20759,
99,22,1629,20762,
99,23,1699,20768,
99,24,1796,20771,
99,25,1898,20773,
99,26,1994,20790,
99,27,2068,20818,
99,28,2113,20825,
99,29,2206,20856,
99,30,2277,20893,
99,31,2355,20919,
99,32,2457,20941,
99,33,2513,20957,
99,34,2514,20964,
99,35,2610,20965,
99,36,2614,21078,
99,37,2661,21107,
99,38,2703,21155,22000
100,1,0,21422,30000
100,2,723,21406,
100,3,843,21393,
100,4,936,21361,
100,5,1023,21304,
100,6,1095,21282,
100,7,1191,21233,
100,8,1314,21202,
100,9,1709,21168,
100,10,1803,21067,
100,11,1906,21020,
100,12,1996,20981,
100,13,2052,20951,
100,14,2274,20907,
100,15,2490,20896,
100,16,2670,20861,
100,17,2912,20803,
100,18,2956,20794,
100,19,3025,20772,
100,20,3094,20763,
100,21,3167,20755,
100,22,3272,20759,
100,23,3337,20762,
100,24,3408,20768,
100,25,3505,20771,
100,26,3607,20773,
100,27,3703,20790,
100,28,3777,20818,
100,29,3822,20825,
42,44,5785,19281,
42,45,5904,19307,
42,46,6028,19299,
42,47,7066,19295,
42,48,7795,19343,21000
71,1,0,19747,25000
71,2,30,19740,
71,3,208,19747,
71,4,227,19730,
71,5,470,19700,
71,6,654,19681,
71,7,921,19646,
71,8,1229,19607,
71,9,1513,19583,
71,10,1685,19548,
71,11,1702,19545,
71,12,1707,19549,
71,13,1801,19548,
71,14,2094,19508,
71,15,2436,19469,
71,16,2797,19432,
71,17,3235,19392,
71,18,3490,19354,
71,19,3779,19336,
71,20,3935,19329,
71,21,4064,19332,
71,22,4327,19332,
71,23,4484,19259,
71,24,4562,19219,
71,25,4659,19159,
71,26,4761,19080,
71,27,4784,19043,
71,28,4829,19049,
71,29,4874,18971,
71,30,4958,18911,
71,31,5026,18859,
71,32,5100,18816,
71,33,5106,18817,
71,34,5176,18785,
71,35,5398,18785,
71,36,5422,18785,
71,37,5785,18784,
71,38,6130,18771,
71,39,6296,18800,
71,40,6683,18806,
71,41,6791,18815,
71,42,6950,18835,
71,43,7296,18844,
71,44,7425,18844,
71,45,7638,18847,
71,46,7853,18843,
71,47,8104,18851,
71,48,8274,18846,
71,49,8481,18850,
71,50,8652,18870,
71,51,8810,18909,
71,52,8861,18944,
71,53,8927,18982,
71,54,8998,18996,
71,55,9095,18997,
71,56,9170,19004,
71,57,9188,19050,
71,58,9273,19093,
71,59,9428,19154,
71,60,9556,19242,
71,61,9690,19266,
71,62,9883,19275,
100,30,3915,20856,
100,31,3986,20893,
100,32,4064,20919,
100,33,4166,20941,
100,34,4222,20957,
100,35,4223,20964,
100,36,4319,20965,
100,37,4323,21078,
100,38,4370,21107,
100,39,4412,21155,
100,40,4414,21622,
100,41,4527,21618,
100,42,4780,21603,
100,43,4781,21594,
100,44,5672,21595,
100,45,6427,21585,
44,1,0,19468,20500
44,2,13,19275,
44,3,46,19267,
44,4,200,19227,
44,5,254,19196,
44,6,445,19173,
44,7,688,19194,
44,8,880,19194,
44,9,1313,19175,
44,10,1393,19118,
44,11,1458,19116,
44,12,2052,19134,
44,13,2435,19130,
44,14,2761,19140,
44,15,3173,19159,
44,16,3686,19164,
44,17,3910,19158,
44,18,4365,19156,
44,19,4446,19191,
44,20,4456,19191,
44,21,4582,19225,
44,22,4639,19232,
44,23,4773,19245,
44,24,4889,19255,
44,25,4987,19290,
44,26,5086,19299,
44,27,5114,19598,20500
45,1,0,19600,22500
45,2,81,19593,
45,3,84,19584,
45,4,688,19600,
45,5,1279,19584,
45,6,1282,19594,
45,7,1460,19599,
45,8,1525,19599,
45,9,1571,19599,
45,10,1587,19511,
45,11,1745,19506,
45,12,1754,19500,
45,13,2049,19492,
45,14,2052,19477,
45,15,2104,19468,
45,16,2117,19275,
45,17,2150,19267,
45,18,2303,19227,
45,19,2358,19196,
45,20,2548,19173,
45,21,2792,19194,
45,22,2983,19194,
45,23,3417,19175,
45,24,3497,19118,
45,25,3561,19116,
45,26,4156,19134,
45,27,4539,19130,
45,28,4865,19140,
45,29,5277,19159,
45,30,5790,19164,
45,31,6013,19158,
45,32,6469,19156,
45,33,6550,19191,
45,34,6560,19191,
45,35,6686,19225,
45,36,6742,19232,
45,37,6877,19245,
45,38,6992,19255,
45,39,7091,19290,
45,40,7190,19299,
45,41,7217,19598,
45,42,7628,19610,
45,43,7684,19660,
45,44,7800,19680,
45,45,7949,19759,
45,46,8055,19814,
45,47,10089,20052,
45,48,10247,20052,
45,49,10423,20053,
45,50,10455,20052,
45,51,10474,20053,
45,52,12463,19835,
45,53,20956,19835,22500
71,63,9981,19258,
71,64,10015,19255,
71,65,10112,19281,
71,66,10231,19307,
71,67,10355,19299,
71,68,11393,19295,
71,69,12121,19343,
71,70,12986,19343,
100,46,7061,21561,
100,47,7695,21367,
100,48,7807,21374,
100,49,8415,21385,
100,50,8745,21396,
102,41,5259,20651,
102,42,5470,20678,
102,43,5652,20706,
102,44,5848,20954,21050
103,1,0,20816,22500
103,2,146,20756,
103,3,287,20724,
103,4,783,20724,
103,5,1211,20722,
103,6,1717,20725,
103,7,2402,20723,
103,8,3174,20722,
103,9,3763,20725,
103,10,4636,20726,
103,11,5393,20723,
103,12,5517,20722,
103,13,5520,20717,
103,14,5590,20715,
103,15,5595,20722,
103,16,6238,20724,
103,17,6241,20719,
103,18,6343,20721,
103,19,6348,20723,
103,20,6580,20720,
103,21,7056,20721,
103,22,7467,20725,
103,23,7582,20739,
103,24,7602,20750,
103,25,7942,20784,
103,26,8147,20805,22500
104,1,0,20816,25000
104,2,146,20756,
104,3,287,20724,
104,4,783,20724,
104,5,1211,20722,
104,6,1717,20725,
104,7,2402,20723,
104,8,3174,20722,
104,9,3763,20725,
104,10,4636,20726,
104,11,5393,20723,
104,12,5517,20722,
104,13,5520,20717,
104,14,5590,20715,
104,15,5595,20722,
104,16,6238,20724,
104,17,6241,20719,
104,18,6343,20721,
104,19,6348,20723,
104,20,6580,20720,
104,21,7056,20721,
104,22,7467,20725,
104,23,7582,20739,
104,24,7602,20750,
104,25,7942,20784,
104,26,8147,20805,
104,27,8161,20788,
104,28,8550,20816,
104,29,9269,20836,
104,30,10538,20833,
104,31,12041,20829,
104,32,13491,20822,
104,33,14994,20814,
104,34,16494,20817,
104,35,18069,20815,
104,36,19477,20822,
104,37,21066,20810,
104,38,22485,20813,
104,39,23951,20813,
104,40,25417,20817,
104,41,26834,20824,
104,42,27093,20814,
104,43,27507,20637,
104,44,27615,20606,
104,45,27719,20623,
104,46,27923,20635,
104,47,28030,20726,
104,48,28220,20726,
104,49,28354,20632,
104,50,28472,20614,
104,51,28614,20636,
104,52,28887,20803,
67,1,0,21022,25000
67,2,95,20999,
67,3,201,20980,
67,4,283,20942,
67,5,388,20916,
67,6,503,20860,
67,7,587,20810,
67,8,680,20749,
67,9,747,20709,
67,10,869,20685,
67,11,961,20681,
67,12,1180,20671,
67,13,1400,20667,
67,14,1589,20655,
67,15,1846,20656,
67,16,2000,20653,
67,17,2000,20683,
67,18,2081,20635,
67,19,2181,20600,
67,20,2311,20575,
67,21,2467,20568,
67,22,2673,20559,
67,23,2825,20552,
67,24,2872,20547,
67,25,2975,20527,
67,26,3116,20502,
67,27,3326,20509,
67,28,3532,20508,
67,29,3693,20509,
67,30,3991,20512,
67,31,4971,20509,
67,32,5868,20503,
67,33,6824,20502,
67,34,7683,20500,
67,35,8580,20504,
67,36,9494,20507,
67,37,10432,20501,
67,38,11317,20503,
67,39,12231,20499,
67,40,12871,20504,
67,41,13401,20514,
67,42,14046,20503,
67,43,14505,20511,
67,44,14924,20491,
67,45,15247,20491,
67,46,15421,20440,
67,47,15546,20485,
67,48,15633,20500,
67,49,15778,20487,
67,50,15876,20432,
67,51,16001,20397,
67,52,16126,20389,
67,53,16221,20371,
67,54,16322,20299,
67,55,16405,20183,
67,56,16496,20142,
67,57,16559,20112,
67,58,16640,20072,
67,59,16750,20036,
67,60,16873,20012,
67,61,16969,20002,
67,62,17061,19997,
67,63,17167,19992,
67,64,17248,19988,
67,65,17343,19974,
67,66,17463,19965,
67,67,17554,19958,
67,68,17661,19947,
67,69,17780,19945,
67,70,17906,19941,
67,71,18076,19951,
67,72,18250,19972,
67,73,18382,19998,
67,74,18519,20031,
67,75,18595,20073,
67,76,18663,20106,
89,22,1210,24470,
89,23,1340,24471,24858
89,24,1490,24460,
89,25,1600,24451,24893
89,26,1730,24442,
89,27,1810,,24848
89,28,1870,24419,
89,29,2000,24431,
89,30,2001,24457,
89,31,2030,24459,24724
89,32,2031,24459,24460
89,33,2179,24455,24456
89,34,2180,24455,24738
67,77,18791,20128,
67,78,18853,20199,
67,79,18975,20253,
67,80,19103,20286,
67,81,19540,20201,
67,82,19742,20286,
67,83,20082,20286,
67,84,20489,20286,
67,85,20752,20286,25000
68,1,0,20782,26000
68,2,106,20769,
68,3,186,20746,
68,4,266,20713,
68,5,337,20668,
68,6,418,20609,
68,7,489,20566,
68,8,575,20526,
68,9,665,20512,
68,10,776,20514,
68,11,906,20515,
68,12,1002,20506,
68,13,1094,20429,
68,14,1155,20374,
68,15,1215,20320,
68,16,1285,20271,
68,17,1360,20211,
68,18,1442,20113,
68,19,1492,20096,
68,20,1579,20090,
68,21,1683,20085,
68,22,1783,20096,
68,23,1869,20078,
68,24,1975,20080,
68,25,2086,20085,
68,26,2221,20081,
68,27,2349,20080,
68,28,2455,20077,
68,29,2607,20071,
68,30,2727,20071,
68,31,2843,20076,
68,32,2953,20081,
68,33,3056,20094,
68,34,3162,20090,
68,35,3259,20098,
68,36,3367,20098,
68,37,3475,20105,
68,38,3608,20115,
68,39,3714,20109,
68,40,3839,20094,
68,41,3961,20093,
68,42,4101,20081,
68,43,4208,20086,
68,44,4315,20092,
68,45,4413,20085,
68,46,4518,20093,
68,47,4609,20091,
68,48,4691,20096,
68,49,4787,20098,
68,50,4873,20101,
68,51,4960,20102,
68,52,5046,20109,
68,53,5127,20125,
68,54,5205,20122,
68,55,5285,20130,
68,56,5370,20132,
68,57,5440,20166,
68,58,5541,20193,
68,59,5616,20206,
68,60,5726,20225,
68,61,5861,20309,
68,62,5868,20241,
68,63,5999,20312,
68,64,6159,20316,
68,65,6365,20320,
68,66,6945,20440,
68,67,7440,20344,
68,68,7790,20409,
68,69,8015,20373,
68,70,8115,20382,
68,71,8490,20470,
68,72,8580,20501,
68,73,8675,20535,
68,74,8772,20570,
68,75,8863,20614,
68,76,8948,20648,
68,77,9038,20701,
68,78,9114,20740,
68,79,9225,20752,
68,80,9336,20763,
68,81,9451,20767,
68,82,9556,20772,
68,83,9661,20778,
68,84,9766,20779,
68,85,9841,20779,
68,86,9880,20778,
68,87,10066,20785,
68,88,10298,20818,26000
70,75,13602,10404,
70,76,13728,10405,
70,77,13895,10409,
70,78,14008,10409,
70,79,14252,10415,
70,80,14514,10411,
70,81,15018,10450,
70,82,15512,10464,
70,83,16012,10453,
70,84,16532,10530,
70,85,17155,10553,
70,86,17872,10573,
70,87,19058,10600,
70,88,19415,10599,
70,89,19455,10604,
70,90,19656,10632,
70,91,20066,10631,
70,92,20272,10652,
70,93,20474,10660,
70,94,20692,10681,
70,95,20878,10687,
70,96,21082,10717,
70,97,21283,10724,
70,98,21718,10734,
70,99,22139,10724,
70,100,22353,10708,
70,101,22473,10701,
70,102,22563,10697,
70,103,22689,10688,
70,104,22897,10677,
70,105,23113,10661,
70,106,23319,10657,
70,107,23529,10662,
70,108,24107,10676,
70,109,24201,10689,
70,110,24418,10699,
70,111,24551,10705,
70,112,24658,10705,
70,113,24861,10713,
70,114,25072,10727,
70,115,25280,10734,
70,116,25428,10736,
70,117,25496,10736,
70,118,25641,10741,
70,119,26466,10741,
70,120,26758,10736,
70,121,26979,10724,
70,122,27181,10716,
70,123,27397,10703,
70,124,27602,10672,
70,125,27803,10635,
70,126,28007,10616,
70,127,28218,10520,
70,128,28431,10496,
70,129,28631,10407,
70,130,28834,10435,
70,131,29038,10360,
70,132,29104,10325,
70,133,29156,10350,
70,134,29322,10327,
70,135,29371,10304,
70,136,29533,10293,
70,137,29590,10279,
70,138,29793,10267,
70,139,30037,10311,
70,140,30245,10530,
70,141,30375,10625,
70,142,30507,10642,
70,143,30595,10656,
70,144,30721,10669,
70,145,30802,10682,
70,146,30953,10709,
87,35,36231,26923,
87,36,36302,26897,
87,37,36375,26901,
87,38,36669,27014,30000
88,1,0,26927,26935
88,2,145,26901,
88,3,195,26876,
88,4,219,26849,
88,5,295,26811,
88,6,375,26807,
88,7,467,26809,
88,8,545,26816,
88,9,635,26824,
88,10,729,26822,
29,7,2360,22252,
29,8,2850,22517,
29,9,3500,22520,22611
70,147,31177,10740,
70,148,31452,10844,
70,149,31769,10889,
70,150,32213,10959,12200
71,71,13645,19418,
71,72,14632,19486,
71,73,15526,19552,
71,74,16051,19606,
71,75,16153,19663,
71,76,17035,19707,
71,77,33865,19750,25000
78,34,3947,19585,
78,35,4093,19606,
78,36,4098,19599,
104,53,29355,20822,
104,54,30980,20818,
104,55,32514,20818,
104,56,33977,20823,
104,57,35510,20827,
104,58,36884,20827,
104,59,37866,20842,
104,60,38857,20804,
104,61,39032,20679,
104,62,39127,20635,
104,63,39245,20652,
104,64,39355,20796,
104,65,39629,20817,
104,66,40800,20810,
104,67,42115,20792,
104,68,42898,20787,
104,69,43460,20782,
104,70,43938,21066,
104,71,43967,21088,
104,72,88464,20840,
104,73,88885,20826,
104,74,89050,20839,
104,75,90531,20826,
104,76,91989,20817,
104,77,93450,20794,
104,78,94920,20793,
104,79,96406,20769,
104,80,97635,20779,
104,81,98168,20755,
104,82,99254,20754,
104,83,100032,20737,
104,84,100661,20692,
104,85,101132,20680,
104,86,101499,20688,
104,87,102096,20686,
104,88,102342,20671,
104,89,103271,20657,
104,90,103961,20670,
104,91,104500,20705,
104,92,105775,20698,
104,93,106983,20683,
104,94,108260,20694,
104,95,120408,20798,
104,96,120631,20821,
104,97,120895,20850,
104,98,121043,20918,
104,99,121445,20986,
104,100,121742,21039,
104,101,134330,20717,
104,102,134962,20704,
104,103,135227,20641,
104,104,135662,20573,
104,105,136442,20562,
104,106,136997,20553,
104,107,137055,20509,
104,108,137126,20525,
104,109,137181,20505,
104,110,137391,20495,
104,111,141746,20519,
104,112,141922,20538,
104,113,142161,20597,
104,114,142406,20726,
104,115,142939,20750,
104,116,143861,20745,
104,117,144226,20742,
104,118,144727,20738,
104,119,145043,20778,
104,120,145397,20796,
104,121,147117,21140,250030900
105,1,0,20816,30000
105,2,146,20756,
105,3,287,20724,
105,4,783,20724,
105,5,1211,20722,
105,6,1717,20725,
105,7,2402,20723,
105,8,3174,20722,
105,9,3763,20725,
105,10,4636,20726,
105,11,5393,20723,
105,12,5517,20722,
53,1,124,21260,24500
53,2,248,21257,
53,3,373,21239,
53,4,509,21225,
53,5,623,21215,
53,6,697,21191,
53,7,752,21162,
53,8,824,21121,
53,9,890,21095,
53,10,1009,21068,
53,11,1128,21037,
53,12,1338,21018,
53,13,1482,21000,
53,14,1602,20977,
53,15,1674,20972,
53,16,1741,20968,
53,17,1796,20967,
53,18,1899,20987,
53,19,1957,20998,
53,20,1984,21050,
53,21,2081,21073,
53,22,2213,21139,
53,23,2348,21188,
53,24,2465,21240,
53,25,2562,21285,
53,26,2678,21334,
53,27,2763,21371,
53,28,2872,21425,
53,29,2988,21449,
53,30,3105,21507,
53,31,3240,21537,
53,32,3347,21576,
53,33,3474,21607,
53,34,3598,21631,
53,35,3723,21647,
53,36,3723,21652,24500
93,1,0,23641,27500
93,2,5,23640,
93,3,159,23650,
93,4,259,23647,
93,5,262,23624,
93,6,464,23508,
93,7,476,23501,
93,8,708,23376,
93,9,806,23290,
93,10,876,23282,
93,11,889,23281,
93,12,891,23211,
93,13,947,23186,
93,14,1024,23181,
93,15,1088,23175,
63,1,0,22251,25000
63,2,95,22253,
63,3,206,22254,
63,4,310,22251,
63,5,412,22245,
63,6,520,22240,
63,7,631,22236,
63,8,742,22242,
63,9,873,22244,
63,10,995,22241,
63,11,1103,22241,
63,12,1179,22263,25000
64,1,0,22589,25000
64,2,118,22592,
64,3,280,22593,
64,4,317,22604,
64,5,378,22251,
64,6,473,22253,
64,7,584,22254,
64,8,688,22251,
64,9,790,22245,
64,10,898,22240,
64,11,1008,22236,
64,12,1120,22242,
64,13,1373,22241,
64,14,1481,22241,
64,15,1557,22263,
64,16,1568,22643,
64,17,1630,22644,
64,18,1670,22623,
64,19,1790,22628,
64,20,1904,22631,25000
89,35,2200,24455,
89,36,2220,24381,
89,37,2330,24410,24849
89,38,2480,24416,
89,39,2700,24413,24894
89,40,2830,24425,
89,41,2910,,24838
89,42,2955,24442,
89,43,2975,24471,
95,1,0,22579,25000
95,2,97,22581,
95,3,182,22577,
95,4,287,22451,
95,5,365,22374,
95,6,528,22276,
95,7,672,22199,
95,8,710,22200,
95,9,823,22192,
95,10,955,22191,
95,11,1063,22194,
95,12,1182,22205,
95,13,1310,22216,
95,14,1449,22222,
95,15,1584,22220,
95,16,1708,22219,
95,17,1820,22214,
95,18,1928,22213,
95,19,2051,22214,
95,20,2170,22216,
95,21,2331,22214,
95,22,2479,22215,
95,23,2605,22214,
95,24,2710,22213,
95,25,2796,22240,
95,26,2807,22260,
95,27,2844,22313,
95,28,2991,22391,
95,29,3101,22434,
95,30,3181,22473,
95,31,3262,22502,
95,32,3353,22528,
95,33,3438,22532,
95,34,3593,22543,25000
96,1,0,22586,35000
96,2,358,22587,
96,3,767,22581,
96,4,1076,22573,
96,5,1376,22572,
96,6,1620,22573,
96,7,1877,22570,
96,8,2116,22570,
96,9,2344,22569,
96,10,2596,22569,
96,11,2876,22573,
55,1,0,25866,29000
55,2,84,25818,
55,3,208,25777,
55,4,369,25672,
55,5,382,25665,
55,6,412,25659,
55,7,443,25681,
55,8,503,25658,
55,9,589,25642,
55,10,661,25634,
55,11,736,25628,
55,12,790,25637,
55,13,840,25664,
55,14,900,25684,
55,15,954,25692,
55,16,1203,25819,
55,17,1318,25861,
55,18,1363,25866,29000
56,1,0,26163,29000
56,2,625,26137,
56,3,630,26149,
56,4,893,26124,
56,5,1031,26080,
56,6,1307,26067,
56,7,1450,26054,
56,8,1823,25897,
56,9,2122,25858,
56,10,2548,25798,
56,11,2645,25758,
56,12,2723,25718,
56,13,2790,25713,
56,14,2869,25721,
56,15,2937,25735,
56,16,2997,25755,
56,17,3519,25747,
56,18,4494,25751,
56,19,5581,25747,
56,20,6595,25743,
56,21,7514,25739,
56,22,7860,25866,
56,23,7944,25818,
56,24,8069,25777,
56,25,8229,25672,
56,26,8242,25665,
56,27,8272,25659,
56,28,8303,25681,
56,29,8364,25658,
56,30,8449,25642,
56,31,8521,25634,
56,32,8596,25628,
56,33,8651,25637,
56,34,8701,25664,
56,35,8760,25684,
56,36,8814,25692,
56,37,9063,25819,
56,38,9178,25861,
56,39,9224,25866,29000
75,1,0,21260,21550
75,2,124,21257,21550
75,3,248,21239,21550
75,4,373,21225,21553
75,5,509,21215,21553
75,6,623,21191,21553
75,7,697,21162,21555
75,8,752,21121,21555
75,9,824,21095,21555
75,10,890,21068,21555
75,11,1009,21037,21555
75,12,1128,21018,21555
75,13,1338,21000,21555
75,14,1482,20977,21555
75,15,1602,20972,21555
75,16,1674,20968,21550
75,17,1741,20967,21550
75,18,1796,20987,21550
78,37,4609,19686,
78,38,4942,19736,
78,39,5223,19786,
93,16,1147,23144,
93,17,1231,23144,
101,1,0,20987,23500
101,2,98,20971,
75,19,1899,20998,21550
75,20,1957,21050,21550
75,21,1984,21073,21550
75,22,2081,21139,21550
75,23,2213,21188,21550
75,24,2348,21240,21550
75,25,2465,21285,21550
75,26,2562,21334,21550
75,27,2678,21371,21531
75,28,2763,21425,21531
75,29,2872,21449,21531
75,30,2988,21507,21531
78,40,5424,19823,
78,41,5528,19840,
78,42,5904,19858,
78,43,6965,19881,
78,44,6966,19880,
78,45,7540,19880,
78,46,7545,19880,
78,47,8476,19872,
78,48,8903,19877,
78,49,10240,19879,
78,50,11680,19887,
78,51,13108,19877,
78,52,14556,19869,
78,53,15508,19861,
78,54,15786,19865,
78,55,15931,19888,
78,56,16052,19888,
78,57,16311,19890,
78,58,16494,19868,
78,59,17500,19873,
78,60,21449,19933,
78,61,22645,20018,
93,18,1314,23151,
93,19,1417,23151,
93,20,1506,23162,
93,21,1621,23190,
93,22,1651,23205,
93,23,1669,23220,
93,24,1673,23283,
93,25,1682,23286,
93,26,1687,23443,
93,27,1790,23425,
93,28,1794,23289,
93,29,1804,23286,
93,30,1809,23221,
93,31,1925,23213,
93,32,2054,23205,
93,33,2161,23204,
93,34,2267,23208,
93,35,2366,23206,
93,36,2450,23199,
93,37,2528,23186,
93,38,2574,23175,
93,39,2586,23217,
93,40,2591,23288,
93,41,2601,23291,
93,42,2637,23372,
93,43,2841,23508,27500
94,1,0,23281,23578
94,2,2,23211,
94,3,60,23186,
94,4,60,23186,
94,5,137,23181,
94,6,201,23175,
101,3,356,20972,
101,4,616,20970,
101,5,779,20888,
101,6,941,20887,
101,7,1177,20887,
101,8,1415,20887,
101,9,1442,20767,
101,10,1550,20768,
101,11,1650,20766,
101,12,1771,20759,
101,13,1890,20750,
101,14,2005,20749,
101,15,2098,20763,
101,16,2241,20775,
101,17,2241,20832,
101,18,2379,20833,
101,19,2547,20797,
101,20,2674,20792,
101,21,2805,20806,
101,22,3029,20824,
101,23,3170,20887,
78,62,22672,20034,
78,63,23428,20077,
78,64,23706,20090,25000
80,1,0,20585,20585
80,2,490,20230,
80,3,500,20176,
80,4,550,20157,
80,5,670,20160,
80,6,940,20173,
80,7,1210,20171,
80,8,1500,20164,
80,9,1910,20163,
80,10,2100,20167,
80,11,2500,20166,
80,12,2700,20162,
80,13,2850,20230,
80,14,3080,20475,
80,15,3470,20582,20582
82,1,0,20774,20800
82,2,500,20553,
82,3,1000,20553,
82,4,1400,20291,
82,5,1650,20257,
82,6,2150,20260,
82,7,2450,20240,
82,8,2700,20217,
82,9,3000,20223,
82,10,3150,20216,
82,11,3450,20235,
82,12,3800,20241,
82,13,4250,20257,
82,14,4650,20291,
82,15,4700,20341,
82,16,5650,20521,20800
85,8,765,26129,
85,9,908,26133,
85,10,1020,26134,
85,11,1224,26132,
85,12,1351,26131,
85,13,1503,26128,
85,14,1671,26119,
85,15,1819,26069,
85,16,1987,26035,
85,17,2151,26027,
85,18,2316,26020,
85,19,2468,26016,
85,20,2612,26022,
85,21,2753,26039,
85,22,2894,26072,
85,23,3040,26095,
85,24,3209,26112,
85,25,3321,26105,
85,26,3434,26083,
85,27,3542,26052,
85,28,3650,26014,
85,29,3909,25971,
85,30,4007,25955,
85,31,4048,25903,
85,32,4153,25888,
85,33,4250,25898,
85,34,4377,25900,
85,35,4484,25905,
85,36,4597,25906,
85,37,4714,25907,
85,38,4830,25913,
85,39,4935,25904,
85,40,5041,25894,
85,41,5153,25890,
85,42,5234,25891,
86,1,0,28152,33000
86,2,874,28123,
86,3,958,28065,
86,4,1003,28036,
86,5,1063,27963,
86,6,1094,27948,
86,7,1169,27948,
86,8,1246,27946,
86,9,1332,27944,
86,10,1420,27948,
86,11,1529,27948,
86,12,1614,27948,
86,13,1665,27949,
86,14,1700,27964,
85,43,5335,25896,
85,44,5535,25983,
85,45,5749,26119,
85,46,5827,26170,
85,47,6154,26171,28000
86,15,1703,28059,
86,16,1748,28152,33000
88,11,797,26838,
88,12,814,26896,
88,13,874,26911,
88,14,982,26919,
88,15,1223,26932,26935
89,44,3005,24481,
89,45,3020,24634,
89,46,3100,24637,24724
90,1,0,24812,25000
90,2,220,24490,
90,3,420,24415,
90,4,620,24430,
90,5,820,24439,
90,6,1020,24437,
90,7,1220,24440,
90,8,1420,24449,
90,9,1620,24417,
90,10,1820,24430,
90,11,2070,24520,
90,12,2200,24530,
90,13,2900,24670,
90,14,3250,24690,
90,15,3420,24800,25000
91,12,1313,24561,
91,13,1464,24552,
91,14,1615,24536,
91,15,1818,24525,
91,16,1980,24519,
91,17,2140,24510,
91,18,2298,24491,
91,19,2460,24472,
91,20,2576,24446,
91,21,2702,24427,
91,22,2833,24413,
91,23,2960,24398,
91,24,3096,24390,
91,25,3196,24404,
91,26,3318,24406,
91,27,3455,24403,
91,28,3591,24471,
91,29,3658,24546,
91,30,3743,24619,
91,31,3803,24635,
91,32,3925,24674,
91,33,4083,24725,
91,34,4208,24738,
91,35,4291,24746,
91,36,4426,24734,
91,37,4456,24726,
91,38,4583,24728,
91,39,4759,24727,
91,40,4915,24725,
91,41,5123,24722,
91,42,5289,24729,
91,43,5441,24738,
91,44,5648,24743,
91,45,5811,24743,
91,46,5941,24739,
91,47,6104,24719,
91,48,6356,24715,
91,49,6547,24713,
91,50,6730,24711,
91,51,6910,24707,
91,52,7072,24706,
91,53,7143,24708,
91,54,7320,24706,
91,55,7502,24705,
91,56,7789,24709,
91,57,8087,24708,
91,58,8435,24707,
91,59,8804,24705,
91,60,9117,24699,
91,61,9596,24698,
91,62,10033,24695,
91,63,10622,24689,
91,64,11182,24689,
91,65,11682,24684,
91,66,12232,24691,
91,67,12737,24691,
91,68,13307,24690,
91,69,13994,24682,
91,70,14539,24682,
91,71,15261,24682,
91,72,16013,24681,
91,73,16816,24677,
91,74,17538,24674,
91,75,18582,24670,
91,76,19632,24673,
91,77,20671,24688,
91,78,21667,24746,
91,79,22217,24779,28000
91,1,0,24828,28000
91,2,15,24737,
91,3,121,24732,
91,4,126,24649,
91,5,293,24646,
91,6,414,24644,
91,7,555,24640,
91,8,661,24637,
91,9,813,24617,
91,10,985,24569,
91,11,1146,24562,
92,1,0,24889,29000
92,2,252,24871,
92,3,361,24848,
92,4,432,24814,
92,5,515,24765,
92,6,627,24691,
92,7,730,24633,
92,8,851,24578,
92,9,971,24530,
92,10,1047,24499,
92,11,1137,24458,
92,12,1159,24417,
92,13,1269,24384,
92,14,1394,24371,
92,15,1538,24368,
92,16,1681,24369,
92,17,1824,24373,
92,18,1965,24375,
92,19,2101,24369,
92,20,2257,24378,
92,21,2414,24384,
92,22,2564,24383,
92,23,2699,24386,
92,24,2859,24388,
92,25,3021,24390,
92,26,3184,24403,
92,27,3320,24433,
92,28,3400,24503,
92,29,3521,24535,
92,30,3682,24526,
92,31,3812,24549,
92,32,3964,24567,
92,33,4134,24574,
92,34,4249,24587,
92,35,4393,24606,
92,36,4536,24675,
92,37,4622,24706,
92,38,4708,24738,
92,39,4861,24812,
92,40,4974,24841,29000
94,7,260,23144,23576
94,8,344,23144,
94,9,427,23151,
94,10,530,23151,
94,11,619,23162,
94,12,734,23190,
94,13,764,23205,
94,14,782,23220,
94,15,786,23283,
94,16,795,23286,
94,17,800,23443,
94,18,800,23577,23577
94,19,1044,23577,23577
94,20,1044,23425,
94,21,1048,23289,
94,22,1058,23286,
94,23,1062,23221,
94,24,1179,23213,
94,25,1307,23205,
94,26,1415,23204,23575
94,27,1520,23208,
94,28,1619,23206,
94,29,1704,23199,
94,30,1782,23186,
94,31,1828,23175,
94,32,1839,23217,
94,33,1844,23288,
94,34,1854,23291,
94,35,1856,23394,23578
96,12,3197,22593,
96,13,3498,22616,
96,14,3753,22624,
96,15,4032,22635,
96,16,4328,22653,
96,17,4642,22674,
96,18,4933,22688,
96,19,5207,22701,
96,20,5443,22705,
96,21,5633,22705,
96,22,5895,22707,
96,23,6156,22707,
96,24,6276,22711,
96,25,6401,22750,
96,26,6474,22790,
96,27,6540,22816,
96,28,6626,22826,
96,29,6794,22825,
96,30,7164,22835,
96,31,7439,22841,
96,32,8475,22900,
96,33,8836,22856,
96,34,13695,22617,
96,35,13796,22615,
96,36,13926,22565,
96,37,14078,22497,
96,38,14113,22475,
96,39,14185,22438,
96,40,14606,22428,
96,41,14710,22361,
96,42,14800,22324,
96,43,14906,22304,
96,44,15001,22288,
96,45,15105,22246,
96,46,15194,22223,
96,47,15291,22212,
96,48,15384,22218,
96,49,15482,22325,
96,50,15650,22217,
96,51,15715,22209,
96,52,15809,22209,
96,53,15932,22204,
96,54,16062,22198,
96,55,16228,22205,
96,56,16240,22225,
96,57,16280,22226,
96,58,16315,22251,
96,59,16437,22252,
96,60,16477,22225,
96,61,16502,22225,
96,62,16532,22145,
96,63,16611,22131,
96,64,16682,22131,
96,65,16801,22139,
96,66,16966,22162,
96,67,17097,22171,
96,68,17133,22219,
96,69,17188,22221,
96,70,17360,22222,
96,71,17415,22219,
96,72,17427,22144,
96,73,17544,22153,
96,74,17666,22188,
96,75,17747,22232,
96,76,17933,22311,
96,77,18112,22331,
96,78,18288,22329,
96,79,18484,22339,
96,80,18698,22373,
96,81,18848,22399,
96,82,30898,22579,
96,83,43068,22746,
96,84,43280,22802,
96,85,43682,22783,
96,86,44378,22765,
96,87,44608,22715,
96,88,44924,22547,
96,89,45209,22605,
96,90,45568,22614,
96,91,45761,22612,
96,92,45970,22601,
96,93,46112,22582,
96,94,46284,22555,
96,95,46515,22600,
96,96,46838,22572,
96,97,47121,22603,
96,98,47540,22667,
96,99,47769,22663,
96,100,48065,22674,
96,101,48399,22673,
96,102,48707,22669,
96,103,49117,22802,
96,104,49397,22789,
96,105,49593,22789,
96,106,49683,22789,
96,107,49817,22623,
96,108,49908,22642,
96,109,49971,22802,
96,110,50233,22681,
96,111,50478,22734,
96,112,50667,22766,
96,113,50712,22774,35000
97,24,2667,22541,
97,25,2727,22554,
97,26,2783,22569,
97,27,2848,22574,
97,28,2928,22579,28000
97,1,0,22544,28000
97,2,122,22554,
97,3,237,22520,
97,4,302,22470,
97,5,367,22448,
97,6,418,22417,
97,7,473,22367,
97,8,548,22308,
97,9,653,22139,
97,10,668,22125,
97,11,742,22086,
97,12,881,22070,
97,13,1011,22057,
97,14,1236,22054,
97,15,1401,22060,
97,16,1532,22066,
97,17,1702,22080,
97,18,1932,22100,
97,19,2072,22121,
97,20,2227,22202,
97,21,2347,22294,
97,22,2457,22382,
97,23,2562,22468,
98,1,0,22428,22690
98,2,104,22361,
98,3,194,22324,
98,4,300,22304,
98,5,395,22288,
98,6,500,22246,
98,7,588,22223,
98,8,685,22212,
98,9,779,22218,
98,10,877,22340,
98,11,919,22340,
98,12,919,22690,22690
98,13,1116,22690,22690
98,14,1116,22340,
98,15,1209,22209,
98,16,1333,22204,
98,17,1463,22198,
98,18,1629,22205,
98,19,1640,22225,
98,20,1681,22226,
98,21,1716,22251,
98,22,1837,22252,
98,23,1878,22225,
98,24,1903,22225,
98,25,1932,22145,
98,26,2011,22131,
98,27,2083,22131,
98,28,2202,22139,
98,29,2367,22162,
98,30,2498,22171,
98,31,2533,22219,
98,32,2912,22221,
98,33,2912,22690,22690
98,34,3641,22690,22690
98,35,3641,22222,
98,36,3967,22219,
98,37,3978,22144,
98,38,4095,22153,
98,39,4218,22188,
98,40,4298,22232,
98,41,4484,22311,
98,42,4663,22331,
98,43,4839,22329,
98,44,5036,22339,22690
100,51,9838,21306,
100,52,9963,21348,
100,53,10163,21410,
100,54,15625,21471,
100,55,15786,21470,
100,56,15840,21471,
100,57,148415,21312,
100,58,148586,21275,
100,59,148667,21254,
100,60,148816,21205,
100,61,148939,21220,
100,62,287497,21402,
100,63,287899,21389,
100,64,287962,21370,
100,65,288460,21335,
100,66,288839,21321,
100,67,290917,21347,
100,68,291512,21354,
100,69,291907,21352,
100,70,293092,21350,
100,71,294623,21343,
100,72,295795,21347,
100,73,295947,21365,
100,74,296249,21370,
100,75,296891,21375,
100,76,298090,21378,
100,77,302391,21420,
100,78,302790,21394,
100,79,302798,21385,
100,80,303098,21398,
100,81,303403,21384,
100,82,303411,21391,
100,83,303553,21390,
100,84,303556,21394,
100,85,332584,21395,
100,86,332749,21368,
100,87,332752,21558,
100,88,332763,21560,
100,89,332886,21614,
100,90,333569,21623,
100,91,333664,21551,
100,92,333779,21572,
100,93,334211,21607,
100,94,334578,21551,
100,95,334592,21551,
100,96,334594,21351,
100,97,339501,21378,
100,98,339842,21358,
100,99,341102,21341,
100,100,341209,21305,
100,101,343116,21300,
100,102,344142,21303,
100,103,345256,21297,
100,104,355015,21302,
100,105,356511,21297,
100,106,375420,21251,
100,107,385145,21257,
100,108,393994,21237,
100,109,395339,21207,
100,110,395764,21224,
100,111,397001,21235,
100,112,397973,21171,
100,113,398015,21154,
100,114,398106,21150,
100,115,398190,21136,
100,116,398279,21119,
100,117,398409,21137,
100,118,398514,21189,
100,119,398594,21217,
100,120,398724,21247,
100,121,399762,21236,
100,122,400586,21241,
100,123,402048,21230,
100,124,409151,21242,
100,125,415225,21221,
100,126,418353,21239,
100,127,419915,21225,
100,128,424223,21170,
100,129,424289,21149,
100,130,425121,21225,
100,131,427993,21228,
100,132,430963,21209,
100,133,432886,21243,
100,134,436730,21156,
100,135,440287,21219,
100,136,441701,21229,
100,137,448208,21212,
100,138,448323,21159,
100,139,448427,21150,
100,140,448534,21164,
100,141,448654,21231,
100,142,448741,21244,
100,143,448979,21251,
100,144,449148,21265,
100,145,449277,21307,
100,146,449421,21301,
100,147,449573,21236,
100,148,457059,21214,
100,149,457842,21207,
100,150,458855,21410,30000
101,24,3304,20923,
101,25,3499,20925,
101,26,3742,20920,
101,27,4012,20934,
101,28,4260,20930,
101,29,4534,20922,
101,30,9005,21331,23500
105,13,5520,20717,
105,14,5590,20715,
105,15,5595,20722,
105,16,6238,20724,
105,17,6241,20719,
105,18,6343,20721,
105,19,6348,20723,
105,20,6580,20720,
105,21,7056,20721,
105,22,7467,20725,
105,23,7582,20739,
105,24,7602,20750,
105,25,7942,20784,
105,26,8147,20805,
105,27,8161,20788,
105,28,8550,20816,
105,29,9269,20836,
105,30,10538,20833,
105,31,12041,20829,
105,32,13491,20822,
105,33,14994,20814,
105,34,16494,20817,
105,35,18069,20815,
105,36,19477,20822,
105,37,21066,20810,
105,38,22485,20813,
105,39,23951,20813,
105,40,25417,20817,
105,41,26834,20824,
105,42,27093,20814,
105,43,27507,20637,
105,44,27615,20606,
105,45,27719,20623,
105,46,27923,20635,
105,47,28030,20726,
105,48,28220,20726,
105,49,28354,20632,
105,50,28472,20614,
105,51,28614,20636,
105,52,28887,20803,
105,53,29355,20822,
105,54,30980,20818,
105,55,32514,20818,
105,56,33977,20823,
105,57,35510,20827,
105,58,36884,20827,
105,59,37866,20842,
105,60,38857,20804,
105,61,39032,20679,
105,62,39127,20635,
105,63,39245,20652,
105,64,39355,20796,
105,65,39629,20817,
105,66,40800,20810,
105,67,42115,20792,
105,68,42898,20787,
105,69,43460,20782,
105,70,43938,21066,
105,71,43967,21088,
105,72,88464,20840,
105,73,88885,20826,
105,74,89050,20839,
105,75,90531,20826,
105,76,91989,20817,
105,77,93450,20794,
105,78,94920,20793,
105,79,96406,20769,
105,80,97635,20779,
105,81,98168,20755,
105,82,99254,20754,
105,83,100032,20737,
105,84,100661,20692,
105,85,101132,20680,
105,86,101499,20688,
105,87,102096,20686,
105,88,102342,20671,
105,89,103271,20657,
105,90,103961,20670,
105,91,104500,20705,
105,92,105775,20698,
105,93,106983,20683,
105,94,108260,20694,
105,95,120408,20798,
105,96,120631,20821,
105,97,120895,20850,
105,98,121043,20918,
105,99,121445,20986,
105,100,121742,21039,
105,101,134330,20717,
105,102,134962,20704,
105,103,135227,20641,
105,104,135662,20573,
105,105,136442,20562,
105,106,136997,20553,
105,107,137055,20509,
105,108,137126,20525,
105,109,137181,20505,
105,110,137391,20495,
105,111,141746,20519,
105,112,141922,20538,
105,113,142161,20597,
105,114,142406,20726,
105,115,142939,20750,
105,116,143861,20745,
105,117,144226,20742,
105,118,144727,20738,
105,119,145043,20778,
105,120,145397,20796,
105,121,147117,21140,30000
106,20,1064,20320,
106,21,1237,20314,
106,22,1665,20320,
106,23,2229,20328,
106,24,2912,20340,
106,25,3701,20352,
106,26,4461,20367,
106,27,5309,20387,
106,28,5310,20387,
106,29,10616,20399,21000
