,bv,elev,qrefetiage,qix2,xlambert,ylambert,start_day_2015,start_day_2016,start_day_2017,start_day_2018,start_day_2019,start_day_2020,start_day_2021,start_day_2022,start_day_2023,start_day_2024,start_day_2025,end_day_2015,end_day_2016,end_day_2017,end_day_2018,end_day_2019,end_day_2020,end_day_2021,end_day_2022,end_day_2023,end_day_2024,end_day_2025,duration_2015,duration_2016,duration_2017,duration_2018,duration_2019,duration_2020,duration_2021,duration_2022,duration_2023,duration_2024,duration_2025,minima_day_2015,minima_day_2016,minima_day_2017,minima_day_2018,minima_day_2019,minima_day_2020,minima_day_2021,minima_day_2022,minima_day_2023,minima_day_2024,minima_day_2025,minima_value_2015,minima_value_2016,minima_value_2017,minima_value_2018,minima_value_2019,minima_value_2020,minima_value_2021,minima_value_2022,minima_value_2023,minima_value_2024,minima_value_2025,integral_norm_year_2015,integral_norm_year_2016,integral_norm_year_2017,integral_norm_year_2018,integral_norm_year_2019,integral_norm_year_2020,integral_norm_year_2021,integral_norm_year_2022,integral_norm_year_2023,integral_norm_year_2024,integral_norm_year_2025
A053074001 OBENHEIM-ALTWEIL,46,155,NA,NA,1046901.99973569,6817864.00444796,152,153,91,121,NA,NA,NA,NA,NA,NA,NA,274,275,274,274,NA,NA,NA,NA,NA,NA,NA,122,122,183,153,NA,NA,NA,NA,NA,NA,NA,209,180,249,163,NA,NA,NA,NA,NA,NA,NA,-50,-140,-125,-130,NA,NA,NA,NA,NA,NA,NA,6333120,6342690,11486000,6609600,NA,NA,NA,NA,NA,NA,NA
K134181001 RIGNY/ARROUX,2277,237,1.22,248,779282.999940687,6604359.00452706,135,NA,NA,NA,82,228,197,25,102,177,NA,335,NA,NA,NA,289,323,331,275,365,279,NA,200,NA,NA,NA,207,95,134,250,263,102,NA,188,NA,NA,NA,176,287,250,249,318,254,NA,-186,NA,NA,NA,-83,-55,-165,-180,-250,-54,NA,8941920,NA,NA,NA,10452400,5173560,7599230,13206300,12762100,4137820,NA
K177301001 VERNEUIL,1465,196,1.13,186,743874.999967046,6639242.00451887,127,207,80,165,115,151,200,46,1,NA,100,334,274,294,267,260,277,314,361,345,NA,365,207,67,214,102,145,126,114,315,344,NA,265,188,238,220,232,191,210,235,181,207,NA,161,-80,-99,-126,-101,-75,-107,-143,-147,-154,NA,-110,10273800,3071380,9053420,6129900,6465180,7701210,6684140,10487700,13021600,NA,16271800
K650091001 CHÂTILLON-SUR-CHER,11540,69.47,7.49,398,585701.000086222,6686643.0045027,NA,NA,NA,NA,135,NA,NA,91,90,NA,NA,NA,NA,NA,NA,297,NA,NA,230,199,NA,NA,NA,NA,NA,NA,162,NA,NA,139,109,NA,NA,NA,NA,NA,NA,176,NA,NA,151,176,NA,NA,NA,NA,NA,NA,-44,NA,NA,-141,-216,NA,NA,NA,NA,NA,NA,7491740,NA,NA,7669410,1544080,NA,NA
K671091001 TOURS [PONT SAINT SAUVEUR],13615,42.54,9.19,421,524804.000132304,6699550.00449788,91,235,145,152,80,106,NA,60,NA,NA,NA,281,332,298,292,289,258,NA,277,NA,NA,NA,190,97,153,140,209,152,NA,217,NA,NA,NA,155,260,207,210,165,183,NA,180,NA,NA,NA,-170,-65,-240,-95,-195,-105,NA,-274,NA,NA,NA,9466340,6450090,6867900,7514530,7521230,6842060,NA,9596640,NA,NA,NA
K091001010 VILLEREST,6603,268.51,12.9,593,780634.999940118,6545178.00453779,173,103,166,165,176,101,218,167,158,198,NA,307,161,327,254,328,350,363,319,339,249,NA,134,58,161,89,152,249,145,152,181,51,NA,218,161,229,213,253,273,236,250,254,226,NA,-100,-270,-40,-25,-55,-52,-35,-55,-180,-90,NA,6749390,1850030,8926210,5933680,8139860,13069400,8350990,7715400,7242170,3420800,NA
K209081001 SAINT HAON ( NOUVEAU MONDE,517,733.32,3.2,200,758740.512644203,6415787.56820456,90,166,158,82,NA,267,NA,NA,145,NA,NA,264,293,313,313,NA,355,NA,NA,320,NA,NA,174,127,155,231,NA,88,NA,NA,175,NA,NA,174,210,289,171,NA,281,NA,NA,207,NA,NA,-65,-20,-25,-50,NA,-20,NA,NA,-45,NA,NA,8411090,6956950,8671030,11073100,NA,5496740,NA,NA,5672000,NA,NA
K055001010 BAS EN BASSET,3257,442,5.2,580,787629.999935642,6466828.00454519,102,159,129,NA,NA,NA,77,47,81,183,NA,218,301,250,NA,NA,NA,203,201,254,291,NA,116,142,121,NA,NA,NA,126,154,173,108,NA,147,201,193,NA,NA,NA,105,159,185,235,NA,-50,-40,-20,NA,NA,NA,-20,-90,-25,-15,NA,6534020,5421250,4999370,NA,NA,NA,8184370,5398740,8392790,7219680,NA
K230081001 LANGEAC,1804,486.82,7.2,280,738573.999971757,6446518.00454622,140,140,NA,131,99,NA,NA,14,173,153,120,258,307,NA,269,246,NA,NA,207,244,243,365,118,167,NA,138,147,NA,NA,193,71,90,245,182,187,NA,177,185,NA,NA,152,200,186,147,-20,-50,NA,-55,-45,NA,NA,-60,-27,-54,-30,5427900,6168510,NA,6127980,6027360,NA,NA,8705840,2391760,5024490,12107200
K549090001 VIERZON,4550,96.55,3.05,204,629289.00005331,6680004.00450508,20,122,139,193,144,205,195,205,NA,106,NA,31,293,364,339,363,274,343,317,NA,209,NA,11,171,225,146,219,69,148,112,NA,103,NA,27,155,214,262,170,240,322,257,NA,192,NA,-135,-810,-57,-65,-111,-77,-82,-32,NA,-43,NA,391867,1417280,12882700,8237400,9333870,3182260,6057040,7191460,NA,4680870,NA
K633252001 BRINON-SUR-SAULDRE,594,128,0.55,43,644265.000042172,6718453.00449234,156,275,3,NA,226,225,105,NA,208,215,108,182,335,44,NA,347,340,168,NA,313,354,365,26,60,41,NA,121,115,63,NA,105,139,257,181,300,26,NA,268,281,119,NA,257,318,122,-31,-32,-19,NA,-52,-56,-29,NA,-24,-35,-5,794432,2343650,2026620,NA,5352490,7417590,4141350,NA,4543010,6383690,11101600
K091001011 VILLEREST (PONT DE VILLEREST,6598,267.51,NA,NA,780634.999940118,6545178.00453779,148,103,NA,165,176,101,218,167,172,198,NA,307,161,NA,353,328,350,363,319,339,249,NA,159,58,NA,188,152,249,145,152,167,51,NA,218,161,NA,277,233,273,236,250,270,228,NA,-175,-270,NA,-120,-210,-108,-60,-150,-300,-110,NA,7095320,2175350,NA,8891340,6960600,9365610,7138440,6922880,5924710,3279040,NA
K565301001 ORMEDIOT,585,130,0.198,29.8,658089.000031548,6659783.00451323,NA,NA,152,261,119,NA,NA,41,74,249,NA,NA,NA,205,325,310,NA,NA,251,201,345,NA,NA,NA,53,64,191,NA,NA,210,127,96,NA,NA,NA,164,296,281,NA,NA,174,173,305,NA,NA,NA,-18,-29,-50,NA,NA,-100,-23,-47,NA,NA,NA,2333090,2767520,8986720,NA,NA,4999050,6349080,4149450,NA
M107302001 CONIE-MOLITARD [PONT DE BLEUET],500,112.03,0.074,1.93,584833.00008758,6781207.00446727,65,61,69,67,52,46,43,97,108,104,NA,274,365,219,314,267,232,263,192,327,251,NA,209,304,150,247,215,186,220,95,219,147,NA,131,167,162,178,140,126,174,124,137,191,NA,-170,-165,-150,-160,-95,-150,-130,-43,-17,-134,NA,7295720,9435930,7020000,8850600,7719160,9053280,8529050,5469820,11901500,7495430,NA
K441409001 MEUNG-SUR-LOIRE,274,83.17,0.422,3.73,602319.00007409,6747455.00448128,144,40,NA,18,130,61,46,54,169,89,NA,297,259,NA,203,187,218,250,191,181,106,NA,153,219,NA,185,57,157,204,137,12,17,NA,187,149,NA,124,166,133,156,124,181,97,NA,-25,-430,NA,-205,-45,-119,-75,-60,-20,-110,NA,5994430,6551000,NA,8979510,3110400,6571820,8481600,6435560,445658,713201,NA
K485300001 NAZELLES-NÉGRON,790,53,0.417,15.5,546702.000115842,6705808.00449604,121,247,117,NA,67,296,100,NA,NA,189,NA,305,320,170,NA,218,299,289,NA,NA,271,NA,184,73,53,NA,151,3,189,NA,NA,82,NA,217,269,145,NA,164,299,181,NA,NA,268,NA,-30,-33,-15,NA,-105,-100,-50,NA,NA,-60,NA,11030400,4132800,3268800,NA,5310310,108000,10831900,NA,NA,4870380,NA
K659302001 MEUSNES [GUÉ AU LOUP],1002,66,0.36,46.3,585414.000086429,6685546.00450305,83,153,152,199,121,NA,NA,NA,NA,189,NA,244,160,347,354,253,NA,NA,NA,NA,299,NA,161,7,195,155,132,NA,NA,NA,NA,110,NA,124,154,173,269,206,NA,NA,NA,NA,220,NA,-145,-273,-46,-45,-63,NA,NA,NA,NA,-16,NA,2659080,406058,8794350,9250730,7002900,NA,NA,NA,NA,4760040,NA
K622091003 SELLES-SUR-CHER - PONT D956A,9264,71.82,5.54,246,589108.000083654,6686905.00450265,122,NA,146,NA,NA,NA,NA,NA,66,NA,NA,128,NA,365,NA,NA,NA,NA,NA,353,NA,NA,6,NA,219,NA,NA,NA,NA,NA,287,NA,NA,125,NA,207,NA,NA,NA,NA,NA,167,NA,NA,-260,NA,-141,NA,NA,NA,NA,NA,-402,NA,NA,174501,NA,14897100,NA,NA,NA,NA,NA,13754800,NA,NA
K648251001 PRUNIERS-EN-SOLOGNE,2099,77.79,1.33,94,599660,6692021,NA,17,NA,NA,91,NA,NA,NA,59,NA,NA,NA,31,NA,NA,268,NA,NA,NA,266,NA,NA,NA,14,NA,NA,177,NA,NA,NA,207,NA,NA,NA,27,NA,NA,206,NA,NA,NA,167,NA,NA,NA,-71,NA,NA,-125,NA,NA,NA,-103,NA,NA,NA,724972,NA,NA,5006530,NA,NA,NA,8597120,NA,NA
K722261011 BUZANÇAIS - PONT VOIE FERRÉE,1244,105.58,1.15,49.1,579364.00009066,6645502.0045167,121,160,74,111,57,75,NA,56,33,NA,NA,250,297,365,293,265,259,NA,291,313,NA,NA,129,137,291,182,208,184,NA,235,280,NA,NA,180,192,140,150,92,168,NA,117,151,NA,NA,-120,-210,-185,-140,-155,-205,NA,-143,-206,NA,NA,6109200,6064220,12837400,6751540,10372000,8465090,NA,6974490,13522600,NA,NA
A770101001 CHAMBREY,560,199,0.8,33,953930.999805977,6859325.00442881,NA,76,109,176,114,122,125,NA,NA,NA,NA,NA,138,331,337,344,336,356,NA,NA,NA,NA,NA,62,222,161,230,214,231,NA,NA,NA,NA,NA,131,193,215,177,188,175,NA,NA,NA,NA,NA,-470,-550,-270,-600,-650,-740,NA,NA,NA,NA,NA,1513200,9958440,9516250,6550560,8422010,8841410,NA,NA,NA,NA
A802101001 ÉTAIN,135,199,0.052,20,891795.999853108,6904742.00440444,214,210,130,190,234,NA,195,NA,NA,NA,NA,324,330,271,337,294,NA,244,NA,NA,NA,NA,110,120,141,147,60,NA,49,NA,NA,NA,NA,266,265,158,290,268,NA,208,NA,NA,NA,NA,-180,-120,-70,-190,-40,NA,-50,NA,NA,NA,NA,6832800,6660000,6115890,5090780,2592000,NA,2116800,NA,NA,NA,NA
A820101001 JARNY [LABRY],827,186,NA,NA,910132.999839101,6900273.00440688,133,179,91,136,94,122,161,123,NA,NA,NA,324,330,318,337,294,217,244,271,NA,NA,NA,191,151,227,201,200,95,83,148,NA,NA,NA,231,243,207,163,268,168,188,151,NA,NA,NA,-490,-210,-90,-100,-110,-80,-85,-50,NA,NA,NA,7131530,6864690,6382570,9884160,7960580,4498390,2879050,5227200,NA,NA,NA
A812200001 HANNONVILLE-SUZÉMONT,131,197,0.06,13,907154.999841436,6892494.0044113,149,NA,102,114,NA,122,NA,151,NA,NA,NA,324,NA,207,254,NA,317,NA,271,NA,NA,NA,175,NA,105,140,NA,195,NA,120,NA,NA,NA,267,NA,130,136,NA,169,NA,165,NA,NA,NA,-90,NA,-30,-40,NA,-60,NA,-100,NA,NA,NA,7320000,NA,5745600,6415200,NA,10368000,NA,3386880,NA,NA,NA
A994202001 FILSTROFF,1170,189,1.4,97,957706.999802528,6919653.00439527,79,172,123,108,92,134,NA,NA,NA,NA,NA,324,328,331,337,346,351,NA,NA,NA,NA,NA,245,156,208,229,254,217,NA,NA,NA,NA,NA,208,231,255,200,218,231,NA,NA,NA,NA,NA,-220,-90,-230,-270,-290,-250,NA,NA,NA,NA,NA,11126000,8748430,10642700,13877100,11608900,10361100,NA,NA,NA,NA,NA
A840101001 MOYEUVRE-GRANDE,1144,170,0.56,110,921447.999830371,6909706.00440137,97,179,91,164,156,122,160,NA,NA,NA,NA,324,366,318,337,294,306,244,NA,NA,NA,NA,227,187,227,173,138,184,84,NA,NA,NA,NA,204,186,235,255,239,239,208,NA,NA,NA,NA,-210,-30,-360,-200,-310,-230,-50,NA,NA,NA,NA,7236750,11145600,8162960,6274800,6446550,6994800,3248640,NA,NA,NA,NA
A807101001 BONCOURT,412,185,0.12,56,906417.999841949,6899567.0044073,133,210,102,190,156,122,160,NA,NA,NA,NA,231,330,318,337,294,282,365,NA,NA,NA,NA,98,120,216,147,138,160,205,NA,NA,NA,NA,203,308,158,290,268,259,208,NA,NA,NA,NA,-70,-50,-150,-120,-70,-170,-110,NA,NA,NA,NA,4924800,6551780,7795260,5900400,8899200,7016190,7638550,NA,NA,NA,NA
A832201001 BRIEY,75,204,0.21,17,913570.999836406,6909221.00440171,NA,69,NA,NA,NA,NA,NA,NA,NA,NA,NA,NA,167,NA,NA,NA,NA,NA,NA,NA,NA,NA,NA,98,NA,NA,NA,NA,NA,NA,NA,NA,NA,NA,153,NA,NA,NA,NA,NA,NA,NA,NA,NA,NA,-60,NA,NA,NA,NA,NA,NA,NA,NA,NA,NA,3283200,NA,NA,NA,NA,NA,NA,NA,NA,NA
A443064001 ÉPINAL,1220,324,5.5,370,956634.999804768,6790646.00446171,33,122,NA,NA,NA,NA,NA,NA,NA,NA,NA,324,366,NA,NA,NA,NA,NA,NA,NA,NA,NA,291,244,NA,NA,NA,NA,NA,NA,NA,NA,NA,168,150,NA,NA,NA,NA,NA,NA,NA,NA,NA,-220,-150,NA,NA,NA,NA,NA,NA,NA,NA,NA,9303070,10592600,NA,NA,NA,NA,NA,NA,NA,NA,NA
A673122001 GERBÉVILLER,493,233,1.2,68,960350.99980146,6826568.00444514,121,NA,NA,NA,NA,NA,NA,NA,NA,NA,NA,245,NA,NA,NA,NA,NA,NA,NA,NA,NA,NA,124,NA,NA,NA,NA,NA,NA,NA,NA,NA,NA,154,NA,NA,NA,NA,NA,NA,NA,NA,NA,NA,-110,NA,NA,NA,NA,NA,NA,NA,NA,NA,NA,4585600,NA,NA,NA,NA,NA,NA,NA,NA,NA,NA
A543101001 PULLIGNY,940,225,1.2,160,931084.999823707,6831819.00444294,NA,NA,125,123,136,148,NA,NA,NA,NA,NA,NA,NA,314,324,295,307,NA,NA,NA,NA,NA,NA,NA,189,201,159,159,NA,NA,NA,NA,NA,NA,NA,192,198,234,174,NA,NA,NA,NA,NA,NA,NA,-60,-100,-90,-90,NA,NA,NA,NA,NA,NA,NA,9373850,9659010,8433600,7756800,NA,NA,NA,NA,NA
A843101001 ROSSELANGE,1230,164,1.2,150,923617.999828702,6910654.0044008,NA,NA,131,164,156,168,160,151,NA,NA,NA,NA,NA,219,262,294,217,208,208,NA,NA,NA,NA,NA,88,98,138,49,48,57,NA,NA,NA,NA,NA,159,255,184,198,188,165,NA,NA,NA,NA,NA,-90,-20,-40,-30,-50,-80,NA,NA,NA,NA,NA,5225550,4233600,7808400,2117460,2073600,2251800,NA,NA,NA
A670121001 ROVILLE-AUX-CHÊNES,300,271,0.86,48,967550.999796144,6813730.00445112,NA,NA,81,NA,NA,NA,NA,NA,NA,NA,NA,NA,NA,365,NA,NA,NA,NA,NA,NA,NA,NA,NA,NA,284,NA,NA,NA,NA,NA,NA,NA,NA,NA,NA,185,NA,NA,NA,NA,NA,NA,NA,NA,NA,NA,-150,NA,NA,NA,NA,NA,NA,NA,NA,NA,NA,11655000,NA,NA,NA,NA,NA,NA,NA,NA
A436203001 CHENIMÉNIL,355,370,1.6,63,967971.999796197,6787507.00446291,132,164,71,67,107,92,201,NA,NA,NA,NA,324,336,305,337,324,357,334,NA,NA,NA,NA,192,172,234,270,217,265,133,NA,NA,NA,NA,168,202,172,171,163,176,229,NA,NA,NA,NA,-40,-50,-90,-30,-80,-80,-70,NA,NA,NA,NA,10609000,6614150,9870720,16399900,10972800,13678200,5702400,NA,NA,NA,NA
A873201001 KOENIGSMACKER (LA CANNER),110,150,0.17,18,937569.999817905,6926300.00439147,60,189,NA,NA,NA,NA,NA,NA,NA,NA,NA,282,321,NA,NA,NA,NA,NA,NA,NA,NA,NA,222,132,NA,NA,NA,NA,NA,NA,NA,NA,NA,246,239,NA,NA,NA,NA,NA,NA,NA,NA,NA,-50,-30,NA,NA,NA,NA,NA,NA,NA,NA,NA,9590400,6786210,NA,NA,NA,NA,NA,NA,NA,NA,NA
A758102001 MOYENVIC,352,199,0.38,22,962075.999799757,6859343.00442872,79,106,109,157,86,134,125,NA,NA,NA,NA,287,181,365,337,276,336,341,NA,NA,NA,NA,208,75,256,180,190,202,216,NA,NA,NA,NA,187,157,166,282,177,188,175,NA,NA,NA,NA,-80,-500,-140,-80,-160,-140,-290,NA,NA,NA,NA,12209400,1768630,7758410,9601350,9784800,11784300,7688110,NA,NA,NA,NA
A986201001 VARIZE,364,204,0.35,39,951383.999807539,6899115.00440721,151,189,151,173,149,183,215,110,NA,NA,NA,313,328,276,331,282,281,307,158,NA,NA,NA,162,139,125,158,133,98,92,48,NA,NA,NA,252,307,235,200,218,252,245,131,NA,NA,NA,-64,-80,-50,-50,-80,-40,-30,-20,NA,NA,NA,9284860,5191250,7205160,7299020,5794200,3639600,5155200,2073600,NA,NA,NA
A975201001 CONDÉ-NORTHEN,499,205,0.45,47,949557.999808933,6899519.00440699,NA,189,206,107,92,134,146,NA,NA,NA,NA,NA,279,276,337,323,281,328,NA,NA,NA,NA,NA,90,70,230,231,147,182,NA,NA,NA,NA,NA,231,235,221,249,211,307,NA,NA,NA,NA,NA,-20,-40,-26,-90,-120,-80,NA,NA,NA,NA,NA,4708800,3888000,14292700,10953600,6912000,8753400,NA,NA,NA,NA
A782101001 NOMENY,925,180.66,1.1,56,936624.999819088,6870199.00442326,142,181,136,100,86,134,125,NA,NA,NA,NA,324,315,365,337,294,336,195,NA,NA,NA,NA,182,134,229,237,208,202,70,NA,NA,NA,NA,262,245,193,157,177,162,175,NA,NA,NA,NA,-100,-80,-50,-80,-90,-100,-110,NA,NA,NA,NA,8683200,6652800,9590100,10294900,11068800,10113600,3188950,NA,NA,NA,NA
A735201001 ONVILLE,358,184,0.41,40,916620.999834266,6883245.00441636,149,77,74,NA,86,122,153,NA,NA,NA,NA,324,330,365,NA,346,266,341,NA,NA,NA,NA,175,253,291,NA,260,144,188,NA,NA,NA,NA,260,181,136,NA,177,188,175,NA,NA,NA,NA,-100,-170,-90,NA,-150,-200,-140,NA,NA,NA,NA,8462880,12269400,8179300,NA,9288000,4810320,10361800,NA,NA,NA,NA
A800621001 MORGEMOULIN,42.3,208,0.022,7.4,888033.999855976,6906936.00440319,105,92,NA,163,NA,NA,NA,NA,NA,NA,NA,324,243,NA,254,NA,NA,NA,NA,NA,NA,NA,219,151,NA,91,NA,NA,NA,NA,NA,NA,NA,266,210,NA,190,NA,NA,NA,NA,NA,NA,NA,-50,-30,NA,-10,NA,NA,NA,NA,NA,NA,NA,10268000,8496000,NA,3931200,NA,NA,NA,NA,NA,NA,NA
A983201001 FAULQUEMONT,187,242,0.12,18,964131.999797879,6889008.00441276,79,167,95,131,92,134,146,62,NA,NA,NA,324,328,331,309,346,330,348,110,NA,NA,NA,245,161,236,178,254,196,202,48,NA,NA,NA,208,279,235,156,235,281,189,102,NA,NA,NA,-420,-310,-450,-80,-95,-50,-252,-70,NA,NA,NA,14738400,8134710,5832270,10126200,13602100,11737800,6483420,2045570,NA,NA,NA
A973121001 ANCERVILLE,331,218,0.34,29,947346.999810742,6886269.00441443,79,172,123,108,92,134,NA,NA,NA,NA,NA,324,328,331,337,346,330,NA,NA,NA,NA,NA,245,156,208,229,254,196,NA,NA,NA,NA,NA,208,231,173,200,249,183,NA,NA,NA,NA,NA,-330,-240,-320,-430,-270,-300,NA,NA,NA,NA,NA,14067500,7471650,9940670,12047600,15454400,10846100,NA,NA,NA,NA,NA
A523011001 BEGNÉCOURT (HEUCHELOUP),173.2,288,0.28,62,933897.999821996,6795071.00446006,131,NA,91,NA,163,122,NA,NA,NA,NA,NA,324,NA,314,NA,295,273,NA,NA,NA,NA,NA,193,NA,223,NA,132,151,NA,NA,NA,NA,NA,209,NA,192,NA,234,203,NA,NA,NA,NA,NA,-100,NA,-110,NA,-80,-80,NA,NA,NA,NA,NA,9956440,NA,12170100,NA,8343000,6534000,NA,NA,NA,NA,NA
A643112002 BLÂMONT [AMONT],113,265,0.46,16,983379.999783748,6838881.00443884,NA,68,NA,NA,NA,NA,NA,NA,NA,NA,NA,NA,366,NA,NA,NA,NA,NA,NA,NA,NA,NA,NA,298,NA,NA,NA,NA,NA,NA,NA,NA,NA,NA,179,NA,NA,NA,NA,NA,NA,NA,NA,NA,NA,-80,NA,NA,NA,NA,NA,NA,NA,NA,NA,NA,9081240,NA,NA,NA,NA,NA,NA,NA,NA,NA
A788101002 METZ PONT LOTHAIRE AMONT,1280,163.54,1.2,73,932766.99982183,6893694.00441043,NA,NA,NA,NA,NA,164,153,NA,NA,NA,NA,NA,NA,NA,NA,NA,245,243,NA,NA,NA,NA,NA,NA,NA,NA,NA,81,90,NA,NA,NA,NA,NA,NA,NA,NA,NA,188,209,NA,NA,NA,NA,NA,NA,NA,NA,NA,-30,-140,NA,NA,NA,NA,NA,NA,NA,NA,NA,4593600,4147200,NA,NA,NA,NA
A350010001 DRUSENHEIM,1552,163.527,NA,NA,1063779,6862654,NA,149,121,121,NA,NA,NA,121,NA,145,161,NA,348,317,335,NA,NA,NA,273,NA,306,305,NA,199,196,214,NA,NA,NA,152,NA,161,144,NA,170,247,244,NA,NA,NA,215,NA,284,198,NA,-120,-198,-80,NA,NA,NA,-75,NA,-310,-60,NA,4208040,10276600,11257100,NA,NA,NA,8602630,NA,2538580,8027110
A907105050 DIEDENDORF,732.51,119.406,1.58,111,997288,6871776,55,NA,60,NA,91,NA,91,NA,133,138,77,337,NA,345,NA,365,NA,335,NA,335,142,305,282,NA,285,NA,274,NA,244,NA,202,4,228,62,NA,233,NA,210,NA,196,NA,192,138,184,-108,NA,-95,NA,-116,NA,-99,NA,-82,-250,-90,17160400,NA,14564100,NA,13240800,NA,11041400,NA,13918100,172800,13212100
A909106050 KESKASTEL,879.45,208.37,1.65,110,995582,6881987,7,NA,149,NA,NA,NA,147,145,116,138,130,334,NA,327,NA,NA,NA,322,335,332,142,305,327,NA,178,NA,NA,NA,175,190,216,4,175,197,NA,318,NA,NA,NA,287,193,180,138,184,-80,NA,-113,NA,NA,NA,-70,-50,-89,-370,-35,11480200,NA,3749540,NA,NA,NA,8469100,9929420,10614200,259200,10013200
A926000101 OERMINGEN,276.84,210.32,0.378,NA,1002080,6885741,NA,NA,86,NA,NA,NA,NA,NA,87,138,NA,NA,NA,345,NA,NA,NA,NA,NA,306,247,NA,NA,NA,259,NA,NA,NA,NA,NA,219,109,NA,NA,NA,212,NA,NA,NA,NA,NA,201,150,NA,NA,NA,-163,NA,NA,NA,NA,NA,-51,-53,NA,NA,NA,11587800,NA,NA,NA,NA,NA,9844220,6878580,NA
