Unnamed: 0 (2),codehydro,nom,courdo,mnemo,comment,codesitehydro3,Site,Name_station,Geometry,File_location,Commentaire,start_day_2015,end_day_2015,duration_2015,minima_day_2015,minima_value_2015,minima_norm_all_2015,integral_2015,integral_norm_year_2015,integral_norm_all_2015,start_day_2016,end_day_2016,duration_2016,minima_day_2016,minima_value_2016,minima_norm_all_2016,integral_2016,integral_norm_year_2016,integral_norm_all_2016,start_day_2017,end_day_2017,duration_2017,minima_day_2017,minima_value_2017,minima_norm_all_2017,integral_2017,integral_norm_year_2017,integral_norm_all_2017,start_day_2018,end_day_2018,duration_2018,minima_day_2018,minima_value_2018,minima_norm_all_2018,integral_2018,integral_norm_year_2018,integral_norm_all_2018,start_day_2019,end_day_2019,duration_2019,minima_day_2019,minima_value_2019,minima_norm_all_2019,integral_2019,integral_norm_year_2019,integral_norm_all_2019,start_day_2020,end_day_2020,duration_2020,minima_day_2020,minima_value_2020,minima_norm_all_2020,integral_2020,integral_norm_year_2020,integral_norm_all_2020,start_day_2021,end_day_2021,duration_2021,minima_day_2021,minima_value_2021,minima_norm_all_2021,integral_2021,integral_norm_year_2021,integral_norm_all_2021,start_day_2022,end_day_2022,duration_2022,minima_day_2022,minima_value_2022,minima_norm_all_2022,integral_2022,integral_norm_year_2022,integral_norm_all_2022,start_day_2023,end_day_2023,duration_2023,minima_day_2023,minima_value_2023,minima_norm_all_2023,integral_2023,integral_norm_year_2023,integral_norm_all_2023,start_day_2024,end_day_2024,duration_2024,minima_day_2024,minima_value_2024,minima_norm_all_2024,integral_2024,integral_norm_year_2024,integral_norm_all_2024,start_day_2025,end_day_2025,duration_2025,minima_day_2025,minima_value_2025,minima_norm_all_2025,integral_2025,integral_norm_year_2025,integral_norm_all_2025,start_day _ 2015,end_day _ 2015,duration _ 2015,minima_day _ 2015,minima_value _ 2015,minima_norm_all _ 2015,integral _ 2015,integral_norm_year _ 2015,integral_norm_all _ 2015,start_day _ 2016,end_day _ 2016,duration _ 2016,minima_day _ 2016,minima_value _ 2016,minima_norm_all _ 2016,integral _ 2016,integral_norm_year _ 2016,integral_norm_all _ 2016,start_day _ 2017,end_day _ 2017,duration _ 2017,minima_day _ 2017,minima_value _ 2017,minima_norm_all _ 2017,integral _ 2017,integral_norm_year _ 2017,integral_norm_all _ 2017,start_day _ 2018,end_day _ 2018,duration _ 2018,minima_day _ 2018,minima_value _ 2018,minima_norm_all _ 2018,integral _ 2018,integral_norm_year _ 2018,integral_norm_all _ 2018,start_day _ 2019,end_day _ 2019,duration _ 2019,minima_day _ 2019,minima_value _ 2019,minima_norm_all _ 2019,integral _ 2019,integral_norm_year _ 2019,integral_norm_all _ 2019,start_day _ 2020,end_day _ 2020,duration _ 2020,minima_day _ 2020,minima_value _ 2020,minima_norm_all _ 2020,integral _ 2020,integral_norm_year _ 2020,integral_norm_all _ 2020,start_day _ 2021,end_day _ 2021,duration _ 2021,minima_day _ 2021,minima_value _ 2021,minima_norm_all _ 2021,integral _ 2021,integral_norm_year _ 2021,integral_norm_all _ 2021,start_day _ 2022,end_day _ 2022,duration _ 2022,minima_day _ 2022,minima_value _ 2022,minima_norm_all _ 2022,integral _ 2022,integral_norm_year _ 2022,integral_norm_all _ 2022,start_day _ 2023,end_day _ 2023,duration _ 2023,minima_day _ 2023,minima_value _ 2023,minima_norm_all _ 2023,integral _ 2023,integral_norm_year _ 2023,integral_norm_all _ 2023,start_day _ 2024,end_day _ 2024,duration _ 2024,minima_day _ 2024,minima_value _ 2024,minima_norm_all _ 2024,integral _ 2024,integral_norm_year _ 2024,integral_norm_all _ 2024,start_day _ 2025,end_day _ 2025,duration _ 2025,minima_day _ 2025,minima_value _ 2025,minima_norm_all _ 2025,integral _ 2025,integral_norm_year _ 2025,integral_norm_all _ 2025,Unnamed: 0 (1),nosta,xlambert,ylambert,pk,bv,type,nogest,module,qrefetiage,qix2,qix5,qix10,datemaj,typemes,cotedebordement,coteseuil,nomcommune,inseecommune,ngfechelle,dateenregistrement,datecreation,synchronisation,region,Unnamed: 0,Surface_bv..km..,Altitude..m.,en_service,Start.Year,End.Year,X..of.data.points,X..of.positive.points,average.of.data.points,X..of.singular.years,condition,over_15points,over_2years,negative_average,no_postive_points,Surface_bv..km...1,Altitude..m..1,Start.Year.1,End.Year.1,X..of.data.points.1,X..of.positive.points.1,average.of.data.points.1,X..of.singular.years.1
string,string,string,string,string,string,string,string,string,string,string,string,continuous,continuous,continuous,continuous,continuous,continuous,continuous,continuous,continuous,continuous,continuous,continuous,continuous,continuous,continuous,continuous,continuous,continuous,continuous,continuous,continuous,continuous,continuous,continuous,continuous,continuous,continuous,continuous,continuous,continuous,continuous,continuous,continuous,continuous,continuous,continuous,continuous,continuous,continuous,continuous,continuous,continuous,continuous,continuous,continuous,continuous,continuous,continuous,continuous,continuous,continuous,continuous,continuous,continuous,continuous,continuous,continuous,continuous,continuous,continuous,continuous,continuous,continuous,continuous,continuous,continuous,continuous,continuous,continuous,continuous,continuous,continuous,continuous,continuous,continuous,continuous,continuous,continuous,continuous,continuous,continuous,continuous,continuous,continuous,continuous,continuous,continuous,continuous,continuous,continuous,continuous,continuous,continuous,continuous,continuous,continuous,continuous,continuous,continuous,continuous,continuous,continuous,continuous,continuous,continuous,continuous,continuous,continuous,continuous,continuous,continuous,continuous,continuous,continuous,continuous,continuous,continuous,continuous,continuous,continuous,continuous,continuous,continuous,continuous,continuous,continuous,continuous,continuous,continuous,continuous,continuous,continuous,continuous,continuous,continuous,continuous,continuous,continuous,continuous,continuous,continuous,continuous,continuous,continuous,continuous,continuous,continuous,continuous,continuous,continuous,continuous,continuous,continuous,continuous,continuous,continuous,continuous,continuous,continuous,continuous,continuous,continuous,continuous,continuous,continuous,continuous,continuous,continuous,continuous,continuous,continuous,continuous,continuous,continuous,continuous,continuous,continuous,continuous,continuous,continuous,continuous,continuous,continuous,continuous,continuous,continuous,continuous,continuous,continuous,continuous,continuous,continuous,continuous,continuous,continuous,continuous,continuous,continuous,continuous,continuous,continuous,continuous,continuous,continuous,discrete,continuous,continuous,continuous,continuous,continuous,continuous,time,continuous,continuous,continuous,AUTREY BEGNECOURT BLAMONT BOURGES BRINON-SUR-SAULDRE BUZANCAIS CONIE-MOLITARD MEUNG\ SUR\ LOIRE MEUSNES NAZELLES-NEGRON PRUNIERS-EN-SOLOGNE SELLES/CHER VIERZON,continuous,continuous,time,time,continuous,67 68 Loire Moselle Sarre,continuous,continuous,continuous,False True,continuous,continuous,continuous,continuous,continuous,continuous,False True,False True,False True,False True,False True,continuous,continuous,continuous,continuous,continuous,continuous,continuous,continuous
meta,meta,meta,meta,meta,meta,meta,meta,meta,meta,meta,meta,,,,,,,,,,,,,,,,,,,,,,,,,,,,,,,,,,,,,,,,,,,,,,,,,,,,,,,,,,,,,,,,,,,,,,,,,,,,,,,,,,,,,,,,,,,,,,,,,,,,,,,,,,,,,,,,,,,,,,,,,,,,,,,,,,,,,,,,,,,,,,,,,,,,,,,,,,,,,,,,,,,,,,,,,,,,,,,,,,,,,,,,,,,,,,,,,,,,,,,,,,,,,,,,,,,,,,,,,,,,,,,,,,,,,,,,,,,,,,,,,,,,,
A053074001,A0530750,OBENHEIM-ALTWEIL,ALTWEIL,A0530750,"





Station de mesures installée le 06 Mai 2004.
Lieu: en aval du pont de la D468 (entre Obenheim et Gerstheim) sur l'Altweil, en rive droite.
Cabine GROLLEAU N°313A11TM045 du 01/12/2003.
Monopheme N°
Marque : ALCYR, Christian BURGER;  18, allée des Fauvettes, 92 160 ANTHONY/ Tel: 01 40 96 91 21 fax: 01 40 96 91 24
Fabricant : ELECTOSTRUCTURE; 14 rue de la Gare, 77 163 MORTCERF/ Tel: 01 64 65 26 13 Fax: 01 64 65 26 14


Sonde KELLER 2076 (0-4mA) 20m.
Echelle (1 m.) installée le 06 Mai 2004.

SECURITE:
Accès à la station:
La route est fréquentée, la prudence doit être redoublée au droit de la station pour se garer sur l'accotement .

Jaugeage au moulinet:
Hormis la descente du talus aucune difficulté particulière, la section est régulière.

Jaugeage au saumon:
Une grande prudence est nécessaire, car il y a empiètement sur la quasi moitié de la chausséeet la visibilité pour les véhicules venant de Gerstheim réduite à cet endroit.

Jaugeage  ADCP / STREAM PRO:
Réalisable.


RECOMMANDATIONS:
Jaugeage au MOULINET: Attention à la descente du talus: risque de glissade entrainant la chute dans la rivière.
Jaugeage au SAUMON  : Mettre en oeuvre le chantier mobile et les EPI. 
Jaugeage ADCP           :  Revêtir les EPI.
                       
GP
",A0530740,A0530740,Le ruisseau la Weil à Obenheim,"{'type': 'Point', 'crs': {'type': 'name', 'properties': {'name': 'urn:ogc:def:crs:OGC:1.3:CRS84'}}, 'coordinates': [7.686749624765535, 48.368398319877045]}",Correction_data/A053074001.csv,Herbiers.,,,,,,,,,,,,,,,,,,,,,,,,,,,,,,,,,,,,,,,,,,,,,,,,,,,,,,,,,,,,,,,,,,,,,,,,,,,,,,,,,,,,,,,,,,,,,,,,,,,,152,274,122,209,-50,0.366972,-3.16656e+08,6.33312e+06,2.32408e+06,153,275,122,180,-140,1.02752,-8.87976e+08,6.34269e+06,6.51726e+06,91,274,183,249,-125,0.917431,-1.43575e+09,1.1486e+07,1.05376e+07,121,274,153,163,-130,0.954128,-8.59248e+08,6.6096e+06,6.30641e+06,,,,,,,,,,,,,,,,,,,,,,,,,,,,,,,,,,,,,,,,,,,,,,,,,,,,,,,,,,,,,,,,82,123,996.202,2387.89,,,S,115680,,,,,,2005-08-10 00:00:00,0,,,,,,2016-02-04 14:00:00,?,,67,84,,,False,,,,,,,False,True,True,True,True,46,155,2015,2018,16,0,-0.04875,4
K134181001,K1341810,RIGNY/ARROUX,Arroux,K1341810,Mise à jour Débits caractéristiques le 15/04/2025,K1341810,K1341810,L'Arroux à Rigny-sur-Arroux,"{'type': 'Point', 'crs': {'type': 'name', 'properties': {'name': 'urn:ogc:def:crs:OGC:1.3:CRS84'}}, 'coordinates': [4.034500304479264, 46.53457399467951]}",Correction_data/K134181001.csv,,,,,,,,,,,,,,,,,,,,,,,,,,,,,,,,,,,,,,,,,,,,,,,,,,,,,,,,,,,,,,,,,,,,,,,,,,,,,,,,,,,,,,,,,,,,,,,,,,,,,135,335,200,188,-186,0.882562,-1.6632e+09,8.94192e+06,7.8918e+06,,,,,,,,,,,,,,,,,,,,,,,,,,,,82,289,207,176,-83,0.393832,-8.67551e+08,1.04524e+07,4.11649e+06,228,323,95,287,-55,0.260973,-2.84546e+08,5.17356e+06,1.35016e+06,197,331,134,250,-165,0.782918,-1.25387e+09,7.59923e+06,5.94957e+06,25,275,250,249,-180,0.854093,-2.37714e+09,1.32063e+07,1.12794e+07,102,365,263,318,-250,1.18624,-3.19052e+09,1.27621e+07,1.51389e+07,177,279,102,254,-54,0.256228,-2.23442e+08,4.13782e+06,1.06022e+06,,,,,,,,,,240,13,730160,2.17186e+06,,2277,S,430450,27.2,1.22,248,338,398,2000-12-26 00:00:00,0,,,,,,2025-04-15 16:01:00,?,1,Loire,10,2277,237,True,2009,2025,228,1,-0.0780526,16,False,True,True,True,False,,,,,,,,
K177301001,K1773010,VERNEUIL,Aron,K1773010, Mise à jour Débits caractéristiques le 16/04/2025,K1773010,K1773010,L'Aron à Verneuil,"{'type': 'Point', 'crs': {'type': 'name', 'properties': {'name': 'urn:ogc:def:crs:OGC:1.3:CRS84'}}, 'coordinates': [3.5758317416620073, 46.851901322242284]}",Correction_data/K177301001.csv,,,,,,,,,,,,,,,,,,,,,,,,,,,,,,,,,,,,,,,,,,,,,,,,,,,,,,,,,,,,,,,,,,,,,,,,,,,,,,,,,,,,,,,,,,,,,,,,,,,,,127,334,207,188,-80,0.558269,-8.21906e+08,1.02738e+07,5.73556e+06,207,274,67,238,-99,0.690858,-3.04067e+08,3.07138e+06,2.12189e+06,80,294,214,220,-126,0.879274,-1.14073e+09,9.05342e+06,7.96044e+06,165,267,102,232,-101,0.704815,-6.1912e+08,6.1299e+06,4.32045e+06,115,260,145,191,-75,0.523378,-4.84888e+08,6.46518e+06,3.38373e+06,151,277,126,210,-107,0.746685,-8.24029e+08,7.70121e+06,5.75038e+06,200,314,114,235,-143,0.997906,-9.55832e+08,6.68414e+06,6.67015e+06,46,361,315,181,-147,1.02582,-1.5417e+09,1.04877e+07,1.07585e+07,1,345,344,207,-154,1.07467,-2.00533e+09,1.30216e+07,1.3994e+07,,,,,,,,,,100,365,265,161,-110,0.76762,-1.7899e+09,1.62718e+07,1.24906e+07,241,14,694500,2.20652e+06,,1465,S,430450,17.5,1.13,186,236,269,2000-12-26 00:00:00,0,,,,,,2025-04-16 11:34:00,?,1,Loire,5,1465,196,True,2010,2025,142,0,-0.0607042,15,True,True,True,True,True,,,,,,,,
K650091001,K6500910,CHÂTILLON-SUR-CHER,Le Cher,K6500910,"Cette station est située sur la commune de Châtillon sur Cher (41) dans le bâtiment attenant à l'ancienne maison éclusière en aval de l'écluse direction Meusnes.
Contrôle: seuil naturel-Equipement : PLQ 2000- 9600BD Téléphone: 02.54.71.54.40
Temps de propagation moyen entre Selles-Thizardière et Chatillon -> 2h 

Mise à jour débits caractéristiques le 23/04/2025.
",K6500910,K6500910,Le Cher à Châtillon-sur-Cher,"{'type': 'Point', 'crs': {'type': 'name', 'properties': {'name': 'urn:ogc:def:crs:OGC:1.3:CRS84'}}, 'coordinates': [1.4881429107507063, 47.27025011995752]}",Correction_data/K650091001.csv,,,,,,,,,,,,,,,,,,,,,,,,,,,,,,,,,,,,,,,,,,,,,,,,,,,,,,,,,,,,,,,,,,,,,,,,,,,,,,,,,,,,,,,,,,,,,,,,,,,,,,,,,,,,,,,,,,,,,,,,,,,,,,,,,,,,,,,,,135,297,162,176,-44,0.254519,-3.29637e+08,7.49174e+06,1.90679e+06,,,,,,,,,,,,,,,,,,,91,230,139,151,-141,0.815618,-1.08139e+09,7.66941e+06,6.25531e+06,90,199,109,176,-216,1.24946,-3.3352e+08,1.54408e+06,1.92926e+06,,,,,,,,,,,,,,,,,,,253,33,585.686,6686.62,,11540,S,430450,71.9,7.49,398,555,658,2015-12-23 11:41:00,0,,,,,6947,2025-04-23 09:51:00,1993-01-01 00:00:00,1,Loire,2,11571,74,True,2009,2023,92,0,-0.0437717,7,True,True,True,True,True,,,,,,,,
K671091001,K6710910,TOURS [PONT SAINT SAUVEUR],Le Cher,K6710910,"Cette station est située sur la ville de Tours (31) au Pont St Sauveur, boulevard Louis XI,  qui relie Tours à Joué les Tours. 
Contrôle: Radier naturel.- Equipement : PLQ 2000- 2400 BD Téléphone: 02.47.37.97.04
La station peut être influençée par un ouvrage en aval. Au grands moulins de Ballan, une vanne régule la lame d'eau sur le déversoir. Mr Piaumier tél 02 47 53 00 15, employé du moulin, manoeuvre cette vanne deux par an. Il existe donc deux positions une, estivale et l'autre hivernale.
L'observation de l'environnement proche de la station laisse penser qu'une influence de la végétaion aquatique dans le lit sur les hauteurs enregistrées est possible.

Mise à jour débits caractéristiques le 23/04/2025.

",K6710910,K6710910,Le Cher à Tours - Pont Saint-Sauveur,"{'type': 'Point', 'crs': {'type': 'name', 'properties': {'name': 'urn:ogc:def:crs:OGC:1.3:CRS84'}}, 'coordinates': [0.6780092996072723, 47.373102769137724]}",Correction_data/K671091001.csv,Problèmes de vannages et de végétation.,,,,,,,,,,,,,,,,,,,,,,,,,,,,,,,,,,,,,,,,,,,,,,,,,,,,,,,,,,,,,,,,,,,,,,,,,,,,,,,,,,,,,,,,,,,,,,,,,,,,91,281,190,155,-170,0.626093,-1.60928e+09,9.46634e+06,5.92682e+06,235,332,97,260,-65,0.239389,-4.19256e+08,6.45009e+06,1.54408e+06,145,298,153,207,-240,0.883897,-1.6483e+09,6.8679e+06,6.07051e+06,152,292,140,210,-95,0.349876,-7.1388e+08,7.51453e+06,2.62915e+06,80,289,209,165,-195,0.718166,-1.46664e+09,7.52123e+06,5.40149e+06,106,258,152,183,-105,0.386705,-7.18416e+08,6.84206e+06,2.64586e+06,,,,,,,,,,60,277,217,180,-274,1.00912,-2.62948e+09,9.59664e+06,9.68412e+06,,,,,,,,,,,,,,,,,,,,,,,,,,,,267,75,524.8,6699.49,,13615,S,430450,81.5,9.19,421,591,704,2015-12-23 11:41:00,0,,,,,4254,2025-04-23 09:53:00,?,1,Loire,83,,,True,,,,,,,True,True,True,True,True,13615,47,2006,2026,215,0,-0.112088,20
K091001010,K0910010,VILLEREST,LOIRE,K0910010,Mise à jour des débits caractéristiques le 02/05/2025,K0910010,K0910010,La Loire à Villerest - Aval,"{'type': 'Point', 'crs': {'type': 'name', 'properties': {'name': 'urn:ogc:def:crs:OGC:1.3:CRS84'}}, 'coordinates': [4.041950367623174, 46.00155002766155]}",Correction_data/K091001010.csv,,,,,,,,,,,,,,,,,,,,,,,,,,,,,,,,,,,,,,,,,,,,,,,,,,,,,,,,,,,,,,,,,,,,,,,,,,,,,,,,,,,,,,,,,,,,,,,,,,,,,173,307,134,218,-100,0.555556,-6.74939e+08,6.74939e+06,3.74966e+06,103,161,58,161,-270,1.5,-4.99508e+08,1.85003e+06,2.77505e+06,166,327,161,229,-40,0.222222,-3.57048e+08,8.92621e+06,1.9836e+06,165,254,89,213,-25,0.138889,-1.48342e+08,5.93368e+06,824122,176,328,152,253,-55,0.305556,-4.47693e+08,8.13986e+06,2.48718e+06,101,350,249,273,-52,0.288889,-6.79611e+08,1.30694e+07,3.77562e+06,218,363,145,236,-35,0.194444,-2.92285e+08,8.35099e+06,1.6238e+06,167,319,152,250,-55,0.305556,-4.24347e+08,7.7154e+06,2.35748e+06,158,339,181,254,-180,1,-1.30359e+09,7.24217e+06,7.24217e+06,198,249,51,226,-90,0.5,-3.07872e+08,3.4208e+06,1.7104e+06,,,,,,,,,,284,103,780645,6.54525e+06,,6603,S,430450,65.5,12.9,593,940,1170,1997-11-14 00:00:00,0,,,,,26851,2025-05-02 15:31:00,?,,Loire,13,6585,275,True,2011,2026,184,4,-0.0408859,16,False,True,True,True,False,,,,,,,,
K209081001,K2090810,SAINT HAON ( NOUVEAU MONDE,ALLIER,K2090810,,K2090810,K2090810,L'Allier à Saint-Haon - Le Nouveau Monde,"{'type': 'Point', 'crs': {'type': 'name', 'properties': {'name': 'urn:ogc:def:crs:OGC:1.3:CRS84'}}, 'coordinates': [3.743315588813608, 44.83876568049644]}",Correction_data/K209081001.csv,Influencé par le barrage de Naussac,,,,,,,,,,,,,,,,,,,,,,,,,,,,,,,,,,,,,,,,,,,,,,,,,,,,,,,,,,,,,,,,,,,,,,,,,,,,,,,,,,,,,,,,,,,,,,,,,,,,90,264,174,174,-65,1.3,-5.46721e+08,8.41109e+06,1.09344e+07,166,293,127,210,-20,0.4,-1.39139e+08,6.95695e+06,2.78278e+06,158,313,155,289,-25,0.5,-2.16776e+08,8.67103e+06,4.33552e+06,82,313,231,171,-50,1,-5.53656e+08,1.10731e+07,1.10731e+07,,,,,,,,,,267,355,88,281,-20,0.4,-1.09935e+08,5.49674e+06,2.1987e+06,,,,,,,,,,,,,,,,,,,145,320,175,207,-45,0.9,-2.5524e+08,5.672e+06,5.1048e+06,,,,,,,,,,,,,,,,,,,286,106,758741,6.41579e+06,,517,S,430450,11.6,3.2,200,350,440,1997-11-14 00:00:00,0,,,,,73332,2015-12-17 14:11:00,?,,Loire,1,514,740,False,2015,2023,62,0,-0.0165645,9,False,True,True,True,True,,,,,,,,
K055001010,K0550010,BAS EN BASSET,LOIRE,K0550010,,K0550010,K0550010,La Loire à Bas-en-Basset,"{'type': 'Point', 'crs': {'type': 'name', 'properties': {'name': 'urn:ogc:def:crs:OGC:1.3:CRS84'}}, 'coordinates': [4.117993226005161, 45.295231597734904]}",Correction_data/K055001010.csv,Influencé par la gestion du barrage de Lavalette.,,,,,,,,,,,,,,,,,,,,,,,,,,,,,,,,,,,,,,,,,,,,,,,,,,,,,,,,,,,,,,,,,,,,,,,,,,,,,,,,,,,,,,,,,,,,,,,,,,,,102,218,116,147,-50,0.548246,-3.26701e+08,6.53402e+06,3.58225e+06,159,301,142,201,-40,0.438596,-2.1685e+08,5.42125e+06,2.37774e+06,129,250,121,193,-20,0.219298,-9.99874e+07,4.99937e+06,1.09635e+06,,,,,,,,,,,,,,,,,,,,,,,,,,,,77,203,126,105,-20,0.219298,-1.63687e+08,8.18437e+06,1.79482e+06,47,201,154,159,-90,0.986842,-4.85887e+08,5.39874e+06,5.32771e+06,81,254,173,185,-25,0.274123,-2.0982e+08,8.39279e+06,2.30066e+06,183,291,108,235,-15,0.164474,-1.08295e+08,7.21968e+06,1.18745e+06,,,,,,,,,,293,145,787596,6.4668e+06,,3257,S,430450,37.9,5.2,580,940,1200,1997-09-26 00:00:00,0,,,,,44200,2024-04-18 15:09:00,?,,Loire,19,3234,450,True,2014,2024,82,0,-0.0215122,10,True,True,True,True,True,,,,,,,,
K230081001,K2300810,LANGEAC,ALLIER,K2300810,,K2300810,K2300810,L'Allier à Langeac,"{'type': 'Point', 'crs': {'type': 'name', 'properties': {'name': 'urn:ogc:def:crs:OGC:1.3:CRS84'}}, 'coordinates': [3.490548058917991, 45.11686324604452]}",Correction_data/K230081001.csv,,,,,,,,,,,,,,,,,,,,,,,,,,,,,,,,,,,,,,,,,,,,,,,,,,,,,,,,,,,,,,,,,,,,,,,,,,,,,,,,,,,,,,,,,,,,,,,,,,,,,140,258,118,182,-20,0.350109,-1.08558e+08,5.4279e+06,1.90036e+06,140,307,167,187,-50,0.875274,-3.08425e+08,6.16851e+06,5.39913e+06,,,,,,,,,,131,269,138,177,-55,0.962801,-3.37039e+08,6.12798e+06,5.90003e+06,99,246,147,185,-45,0.787746,-2.71231e+08,6.02736e+06,4.74803e+06,,,,,,,,,,,,,,,,,,,14,207,193,152,-60,1.05033,-5.22351e+08,8.70584e+06,9.14399e+06,173,244,71,200,-27,0.472648,-6.45774e+07,2.39176e+06,1.13046e+06,153,243,90,186,-54,0.945295,-2.71323e+08,5.02449e+06,4.74963e+06,120,365,245,147,-30,0.525164,-3.63215e+08,1.21072e+07,6.35824e+06,300,165,738572,6.44651e+06,,1804,S,430450,22.1,7.2,280,460,590,1997-11-14 00:00:00,0,,,,,48682,2015-12-17 14:19:00,?,,Loire,9,1781,495,True,2014,2025,72,0,-0.0215139,11,True,True,True,True,True,,,,,,,,
K549090001,K5490900,VIERZON,LE CHER,K5490900,MISE A JOUR DEBITS CARACTERISTIQUES LE 02/05/2025.,K5490900,K5490900,Le Cher à Vierzon,"{'type': 'Point', 'crs': {'type': 'name', 'properties': {'name': 'urn:ogc:def:crs:OGC:1.3:CRS84'}}, 'coordinates': [2.06565919376165, 47.216566612253175]}",Correction_data/K549090001.csv,Barrage de Rochebut.,,,,,,,,,,,,,,,,,,,,,,,,,,,,,,,,,,,,,,,,,,,,,,,,,,,,,,,,,,,,,,,,,,,,,,,,,,,,,,,,,,,,,,,,,,,,,,,,,,,,20,31,11,27,-135,0.338388,-5.2902e+07,391867,132603,122,293,171,155,-810,2.03033,-1.148e+09,1.41728e+06,2.87755e+06,139,364,225,214,-57,0.142875,-7.34314e+08,1.28827e+07,1.84062e+06,193,339,146,262,-65,0.162928,-5.35431e+08,8.2374e+06,1.3421e+06,144,363,219,170,-111,0.27823,-1.03606e+09,9.33387e+06,2.59697e+06,205,274,69,240,-77,0.193007,-2.45034e+08,3.18226e+06,614197,195,343,148,322,-82,0.20554,-4.96678e+08,6.05704e+06,1.24496e+06,205,317,112,257,-32,0.0802106,-2.30127e+08,7.19146e+06,576831,,,,,,,,,,106,209,103,192,-43,0.107783,-2.01277e+08,4.68087e+06,504518,,,,,,,,,,310,178,577570,2.24648e+06,,4550,S,430450,28.1,3.05,204,316,390,2003-01-15 00:00:00,0,,,VIERZON,18279,9655,2025-05-02 09:55:00,?,1,Loire,12,4550,96,True,2006,2026,341,0,-0.0700147,21,True,True,True,True,True,,,,,,,,
K633252001,K6332520,BRINON-SUR-SAULDRE,LA GRANDE SAULDRE,K6332520,MISE A JOUR DEBITS CARACTERISTIQUES LE 02/05/2025.,K6332520,K6332520,La Sauldre à Brinon-sur-Sauldre,"{'type': 'Point', 'crs': {'type': 'name', 'properties': {'name': 'urn:ogc:def:crs:OGC:1.3:CRS84'}}, 'coordinates': [2.258762682035278, 47.56409702310174]}",Correction_data/K633252001.csv,,,,,,,,,,,,,,,,,,,,,,,,,,,,,,,,,,,,,,,,,,,,,,,,,,,,,,,,,,,,,,,,,,,,,,,,,,,,,,,,,,,,,,,,,,,,,,,,,,,,,156,182,26,181,-31,0.260778,-2.46274e+07,794432,207171,275,335,60,300,-32,0.26919,-7.49966e+07,2.34365e+06,630887,3,44,41,26,-19,0.159832,-3.85058e+07,2.02662e+06,323918,,,,,,,,,,226,347,121,268,-52,0.437434,-2.7833e+08,5.35249e+06,2.34136e+06,225,340,115,281,-56,0.471083,-4.15385e+08,7.41759e+06,3.4943e+06,105,168,63,119,-29,0.243954,-1.20099e+08,4.14135e+06,1.0103e+06,,,,,,,,,,208,313,105,257,-24,0.201893,-1.09032e+08,4.54301e+06,917201,215,354,139,318,-35,0.294427,-2.23429e+08,6.38369e+06,1.87953e+06,108,365,257,122,-5,0.042061,-5.55082e+07,1.11016e+07,466946,321,192,594160,2.28496e+06,,594,S,430450,4.32,0.55,43,64.9,111,1998-07-22 00:00:00,0,,,BRINON-SUR-SAULDRE,,,2025-05-02 10:01:00,?,1,Loire,4,606,128,True,2007,2025,257,0,-0.0242374,18,True,True,True,True,True,,,,,,,,
K091001011,K0910050,VILLEREST (PONT DE VILLEREST,Loire,K0910050," A partir du 13-08-2024,un intervalle de publication a été mise en place sur  la courbe de tarage de Villerest Pont.
Seuls les débits de Villerest Pont supérieur à 100 m3/s sont visualisables dans Hydroportail et Vigicrue.

Cette date coincide avec la création de la station de Villerest Pont dans le référentiel Hydroportail ainsi que sur la base barème avec un tout premier Jaugeage le 13 aout 2024.",K0910010,K0910010,La Loire à Villerest - Pont de Villerest,"{'type': 'Point', 'crs': {'type': 'name', 'properties': {'name': 'urn:ogc:def:crs:OGC:1.3:CRS84'}}, 'coordinates': [4.041950367623174, 46.00155002766155]}",Correction_data/K091001011.csv,,,,,,,,,,,,,,,,,,,,,,,,,,,,,,,,,,,,,,,,,,,,,,,,,,,,,,,,,,,,,,,,,,,,,,,,,,,,,,,,,,,,,,,,,,,,,,,,,,,,,148,307,159,218,-175,0.648148,-1.24168e+09,7.09532e+06,4.59882e+06,103,161,58,161,-270,1,-5.87345e+08,2.17535e+06,2.17535e+06,,,,,,,,,,165,353,188,277,-120,0.444444,-1.06696e+09,8.89134e+06,3.95171e+06,176,328,152,233,-210,0.777778,-1.46173e+09,6.9606e+06,5.4138e+06,101,350,249,273,-108,0.4,-1.01149e+09,9.36561e+06,3.74625e+06,218,363,145,236,-60,0.222222,-4.28306e+08,7.13844e+06,1.58632e+06,167,319,152,250,-150,0.555556,-1.03843e+09,6.92288e+06,3.84604e+06,172,339,167,270,-300,1.11111,-1.77741e+09,5.92471e+06,6.58301e+06,198,249,51,228,-110,0.407407,-3.60695e+08,3.27904e+06,1.33591e+06,,,,,,,,,,327,211,780973,6.54455e+06,,6598,S,430450,,,,,,?,0,,,,,26751,2025-05-02 15:33:00,?,,Loire,22,6585,275,True,2011,2026,223,4,-0.0850897,16,False,True,True,True,False,,,,,,,,
K565301001,K5653010,ORMEDIOT,AURON,K5653010,"ORMEDIOT           L'Auron                 MISE A JOUR DEBITS CARACTERISTIQUES LE 02/05/2025.
==========================
mise en service : 19/12/1966 11:40


01/09/1971 : installation de la station

14/10/1977 : nettoyage section amont ( pierres )

04/11/1980 : nettoyage 

10/08/1982 : tornade -> branches cassées et arbres couchés remontant le
             niveau

03/11/1982 : nettoyage en aval

05/09/1983 : arbre dans le lit en amont et en aval

17/10/1983 : nouvel emplacement , nouvelle échelle

09/01/1984 : nettoyage du lit en amont du pont

02/02/1988 : début de curage

11/04/1990 : mise en service saisie sur site

du 30/09/1997 au 07/10/1997 travaux de construction du seuil
                                                         
07/10/1997 : mise en service du seuil construit en aval du pont

09/12/1998 : remplacement de la batterie du panneau solaire et connectique

22/11/1999 : remplacement du bidim de la prise d'eau

28/08/2000 : démontage et nettoyage de la sonde USI, collage du fond de la boite de sonde

",K5653010,K5653010,L'Auron à Bourges - L'Ormediot,"{'type': 'Point', 'crs': {'type': 'name', 'properties': {'name': 'urn:ogc:def:crs:OGC:1.3:CRS84'}}, 'coordinates': [2.4480593014138567, 47.0369647026248]}",Correction_data/K565301001.csv,,,,,,,,,,,,,,,,,,,,,,,,,,,,,,,,,,,,,,,,,,,,,,,,,,,,,,,,,,,,,,,,,,,,,,,,,,,,,,,,,,,,,,,,,,,,,,,,,,,,,,,,,,,,,,,,,,,,,,,152,205,53,164,-18,0.36,-4.19956e+07,2.33309e+06,839912,261,325,64,296,-29,0.58,-8.0258e+07,2.76752e+06,1.60516e+06,119,310,191,281,-50,1,-4.49336e+08,8.98672e+06,8.98672e+06,,,,,,,,,,,,,,,,,,,41,251,210,174,-100,2,-4.99905e+08,4.99905e+06,9.9981e+06,74,201,127,173,-23,0.46,-1.46029e+08,6.34908e+06,2.92058e+06,249,345,96,305,-47,0.94,-1.95024e+08,4.14945e+06,3.90048e+06,,,,,,,,,,334,234,608.476,2226.35,,585,S,430450,3.63,0.198,29.8,42.7,51.3,2002-07-18 00:00:00,0,,,BOURGES,18033,,2025-05-02 10:18:00,?,1,Loire,16,585,130,True,1985,2026,129,1,-0.0218527,20,False,True,True,True,False,,,,,,,,
M107302001,M1073020,CONIE-MOLITARD [PONT DE BLEUET],LA CONIE,M1073020,"Cette station est située sur la commune de Conie-Molitard (28), lieu-dit""Pont de bleuet"" au pont de la D1117 remplace celle de ""Valainville"" à Conie-Molitard (M1073010).
Equipement: Centrale ALCYR avec capteur Ultra-Son, alimentation batterie 12v Télétransmission: 02 37 96 13 99 code BLEUET
24/12/1997 : Nivellement / au repère NGF situé sur le pont en aval R.D.Altitude du NGF: 115,822m - Contrôle: Seuil bétonné, il se retrouve régulièrement noyé pendant la période d'avril à novembre par l'influence de la végétation aquatique du lit en aval. Les mesures de débit sont effectuées à l'aplomb aval du pont.
10/02/1998 au 20/02/1998 : Durée des travaux de construction du seuil.L'altitude du point bas du seuil: 112,20m (à vérifier)Soit un DEBIT NUL à la cote de 0.17m à l'échelle
29/06/1999 : Faucardage de la végétation aquatique par le syndicat de la Conie, non confirmé par celui-ci.
25/09/2000 : Faucardage de la végétation aquatique par le syndicat de la Conie.
04/10/2001 au 06/10/2001 : Faucardage de la végétation aquatique par le syndicat de la Conie. Confirmé par M.Vandromme(Président)
25/06/2003 : Faucardage de la végétation aquatique par le syndicat de la Conie. Confirmé par M.Vandromme(Président) tél.02 37 96 92 18
25/07/2005 : Faucardage de la végétation aquatique par le syndicat de la Conie. Confirmé par M.Vandromme(Président)
27/01/2010 : Changement code hydro pour l'intégration dans le réseau Cristal - Ancien: M1073001  Nouveau: M1073020

Mise à jour Débit caractéristiques le 24/04/2025
",M1073020,M1073020,La Conie à Conie-Molitard,"{'type': 'Point', 'crs': {'type': 'name', 'properties': {'name': 'urn:ogc:def:crs:OGC:1.3:CRS84'}}, 'coordinates': [1.4521486691222942, 48.121073819120824]}",Correction_data/M107302001.csv,,,,,,,,,,,,,,,,,,,,,,,,,,,,,,,,,,,,,,,,,,,,,,,,,,,,,,,,,,,,,,,,,,,,,,,,,,,,,,,,,,,,,,,,,,,,,,,,,,,,,65,274,209,131,-170,1.01873,-1.24027e+09,7.29572e+06,7.43234e+06,61,365,304,167,-165,0.988764,-1.55693e+09,9.43593e+06,9.32991e+06,69,219,150,162,-150,0.898876,-1.053e+09,7.02e+06,6.31011e+06,67,314,247,178,-160,0.958801,-1.4161e+09,8.8506e+06,8.48597e+06,52,267,215,140,-95,0.569288,-7.3332e+08,7.71916e+06,4.39443e+06,46,232,186,126,-150,0.898876,-1.35799e+09,9.05328e+06,8.13778e+06,43,263,220,174,-130,0.779026,-1.10878e+09,8.52905e+06,6.64435e+06,97,192,95,124,-43,0.257678,-2.35202e+08,5.46982e+06,1.40945e+06,108,327,219,137,-17,0.101873,-2.02326e+08,1.19015e+07,1.21244e+06,104,251,147,191,-134,0.802996,-1.00439e+09,7.49543e+06,6.0188e+06,,,,,,,,,,344,259,584.84,6781.21,,500,S,430450,1.78,0.074,1.93,3.3,4.2,2015-12-23 11:41:00,0,,,CONIE-MOLITARD,28106,11203,2025-04-24 10:43:00,1996-08-01 14:05:00,1,Loire,21,1440,112,True,1999,2026,355,0,-0.0620423,28,True,True,True,True,True,,,,,,,,
K441409001,K4414090,MEUNG-SUR-LOIRE,Mauves,K4414090,"Cette station est située sur la commune de MEUNG SUR LOIRE(45) à 500m en aval du bourg, au niveau de l'ancienne station d'épuration. 
Type de contrôle: seuil naturel Cette station est soumise annuellement à l'influence de la végétation aquatique mais aussi au remous de la Loire lorsque celle-ci dépasse 1500m3/s
Equipement: Centrale Paratronic CPL GSM avec capteur Ultra-Son et interface Alcomus, alimentation batterie 12V 28/07/2009: Modernisation CRISTAL Téléphone: 06 08 32 76 47
Jaugeages ponctuels mensuels de septembre 1998 à août 2006

Mise à jour Débit caractéristiques le 24/04/2025


",K4414090,K4414090,La Mauve de Détourbe à Meung-sur-Loire,"{'type': 'Point', 'crs': {'type': 'name', 'properties': {'name': 'urn:ogc:def:crs:OGC:1.3:CRS84'}}, 'coordinates': [1.6946132202091617, 47.82022283944859]}",Correction_data/K441409001.csv,,,,,,,,,,,,,,,,,,,,,,,,,,,,,,,,,,,,,,,,,,,,,,,,,,,,,,,,,,,,,,,,,,,,,,,,,,,,,,,,,,,,,,,,,,,,,,,,,,,,,144,297,153,187,-25,0.0909091,-1.49861e+08,5.99443e+06,544948,40,259,219,149,-430,1.56364,-2.81693e+09,6.551e+06,1.02434e+07,,,,,,,,,,18,203,185,124,-205,0.745455,-1.8408e+09,8.97951e+06,6.69382e+06,130,187,57,166,-45,0.163636,-1.39968e+08,3.1104e+06,508975,61,218,157,133,-119,0.432727,-7.82047e+08,6.57182e+06,2.84381e+06,46,250,204,156,-75,0.272727,-6.3612e+08,8.4816e+06,2.31316e+06,54,191,137,124,-60,0.218182,-3.86134e+08,6.43556e+06,1.40412e+06,169,181,12,181,-20,0.0727273,-8.91317e+06,445658,32411.5,89,106,17,97,-110,0.4,-7.84521e+07,713201,285280,,,,,,,,,,345,262,602.314,6747.46,,274,S,430450,1.05,0.422,3.73,5.35,6.42,2015-12-23 11:38:00,0,,,MEUNG SUR LOIRE,45203,8317,2025-04-24 10:31:00,2006-08-22 16:45:00,1,Loire,15,274,90,True,2008,2025,214,0,-0.0712757,17,True,True,True,True,True,,,,,,,,
K485300001,K4853000,NAZELLES-NÉGRON,La Cisse,K4853000,"Cette station est située sur la commune de NAZELLES-NEGRON (37) au lieu-dit ""Perreux"".
Besoin pour l'hydrologie générale de la région, cette station a remplacé celle de VERNOU S/ Brenne (K4893010) gérée par le SBLB et arrêtée le 01/01/1997 pour ces difficultés de gestion. Il n'y a aucune données disponibles dans HYDRO sur la station de Vernou.
Equipement: CPL avec capteur US immergé-Télétransmission: 02 47 57 62 67 
Contrôle: Radier de pont bétonné droit et en très bon état (restauré en 1996)-Seuil régulièrement noyé par l'influence de la végétation aquatique en aval-Les mesures de débit sont effectuées sur le radier du pont sauf celles de crues qui sont, elles, effectuées en amont (1km-1,5km) en cumulant la Cisse au Pont de la D431 et la Ramberge à ""La Mazère"".
27/01/2010 changement code hydro

Mise à jour débits caractéristiques le 23/04/2025.
",K4853000,K4853000,La Cisse à Nazelles-Négron,"{'type': 'Point', 'crs': {'type': 'name', 'properties': {'name': 'urn:ogc:def:crs:OGC:1.3:CRS84'}}, 'coordinates': [0.9659648077569343, 47.43485253410901]}",Correction_data/K485300001.csv,,,,,,,,,,,,,,,,,,,,,,,,,,,,,,,,,,,,,,,,,,,,,,,,,,,,,,,,,,,,,,,,,,,,,,,,,,,,,,,,,,,,,,,,,,,,,,,,,,,,,121,305,184,217,-30,0.285714,-3.30912e+08,1.10304e+07,3.15154e+06,247,320,73,269,-33,0.314286,-1.36382e+08,4.1328e+06,1.29888e+06,117,170,53,145,-15,0.142857,-4.9032e+07,3.2688e+06,466971,,,,,,,,,,67,218,151,164,-105,1,-5.57582e+08,5.31031e+06,5.31031e+06,296,299,3,299,-100,0.952381,-1.08e+07,108000,102857,100,289,189,181,-50,0.47619,-5.41596e+08,1.08319e+07,5.15805e+06,,,,,,,,,,,,,,,,,,,189,271,82,268,-60,0.571429,-2.92223e+08,4.87038e+06,2.78307e+06,,,,,,,,,,347,267,546.8,6705.78,,790,S,430450,2.32,0.417,15.5,21.6,25.6,2006-08-28 00:00:00,0,,,NAZELLES-NEGRON,37163,,2025-04-23 09:41:00,?,1,Loire,3,790,53,True,2003,2024,287,0,-0.0546341,21,True,True,True,True,True,,,,,,,,
K659302001,K6593020,MEUSNES [GUÉ AU LOUP],Fouzon,K6593020,"Cette station est située sur la commune de MEUSNES (41), lieu-dit""Gué au loup""remplace la station Meusnes ""gué de Meusnes""-K6593010
Contrôle: Radier naturel, ancien gué. Bon contrôle dans l'ensemble mais influencée par la végétation aquatique en été et les hauteurs peuvent aussi être influencées par remous à delà de 300m3/s sur le Cher
Equipement: 15/03/2005 : Passage d'un capteur USi à un capteur bulle à bulle (Nimbus OTT) Télétransmission: 06 79 71 67 55

Mise à jour Débit caractéristiques le 24/04/2025",K6593020,K6593020,Le Fouzon à Meusnes - Le Gué au Loup,"{'type': 'Point', 'crs': {'type': 'name', 'properties': {'name': 'urn:ogc:def:crs:OGC:1.3:CRS84'}}, 'coordinates': [1.4846260649727132, 47.26032663966735]}",Correction_data/K659302001.csv,,,,,,,,,,,,,,,,,,,,,,,,,,,,,,,,,,,,,,,,,,,,,,,,,,,,,,,,,,,,,,,,,,,,,,,,,,,,,,,,,,,,,,,,,,,,,,,,,,,,,83,244,161,124,-145,0.549503,-3.85567e+08,2.65908e+06,1.46117e+06,153,160,7,154,-273,1.03458,-1.10854e+08,406058,420099,152,347,195,173,-46,0.174325,-4.0454e+08,8.79435e+06,1.53308e+06,199,354,155,269,-45,0.170535,-4.16283e+08,9.25073e+06,1.57758e+06,121,253,132,206,-63,0.238749,-4.41183e+08,7.0029e+06,1.67194e+06,,,,,,,,,,,,,,,,,,,,,,,,,,,,,,,,,,,,,189,299,110,220,-16,0.0606348,-7.61606e+07,4.76004e+06,288624,,,,,,,,,,352,273,585.42,6685.55,,,S,430450,4.67,0.36,46.3,79.6,102,2015-12-23 11:41:00,0,215,,MEUSNES,41139,,2025-04-24 11:23:00,?,1,Loire,17,1002,66,True,2004,2026,280,1,-0.0460679,22,False,True,True,True,False,,,,,,,,
K622091003,K6220930,SELLES-SUR-CHER - PONT D956A,Le Cher,K6220930,"Cette station est située sur la commune de Selles sur Cher (41) au pont de Selles sur Cher sur la D956A
Contrôle: Seuil Naturel  Equipement: CPL PLQ 2000 avec capteur radar déporté par radio Téléphone: 02 54 96 13 56
A l'installation le 22/08/2013, la hauteur à cette station était de -4cm par rapport à celle de la station centre ville(vieux pont). La cote du ""0"" de l'échelle est 71,820 m NGF(nivellement maintenance DHMD). 

Mise à jour débits caractéristiques le 23/04/2025.
",K6220910,K6220910,Le Cher à Selles-sur-Cher - Pont D 956A,"{'type': 'Point', 'crs': {'type': 'name', 'properties': {'name': 'urn:ogc:def:crs:OGC:1.3:CRS84'}}, 'coordinates': [1.5331331247942803, 47.27318683725391]}",Correction_data/K622091003.csv,,,,,,,,,,,,,,,,,,,,,,,,,,,,,,,,,,,,,,,,,,,,,,,,,,,,,,,,,,,,,,,,,,,,,,,,,,,,,,,,,,,,,,,,,,,,,,,,,,,,,122,128,6,125,-260,0.632373,-4.53703e+07,174501,110350,,,,,,,,,,146,365,219,207,-141,0.342941,-2.10049e+09,1.48971e+07,5.10881e+06,,,,,,,,,,,,,,,,,,,,,,,,,,,,,,,,,,,,,,,,,,,,,,66,353,287,167,-402,0.977745,-5.52943e+09,1.37548e+07,1.34487e+07,,,,,,,,,,,,,,,,,,,410,365,590.993,6687.41,,9264,S,430450,58.2,5.54,246,361,437,2015-12-23 11:40:00,0,,,SELLES/CHER,41242,7182,2025-04-23 09:48:00,2013-08-22 16:00:00,1,Loire,11,9252,75,True,2015,2025,84,0,-0.161298,9,True,True,True,True,True,,,,,,,,
K648251001,K6482510,PRUNIERS-EN-SOLOGNE,Sauldre,K6482510,"Référence hauteur: Echelle limni sur pile amont rive gauche
Début des mesures de débits en 2013

Mise à jour débits caractéristiques le 23/04/2025.
",K6482510,K6482510,La Sauldre à Pruniers-en-Sologne,"{'type': 'Point', 'crs': {'type': 'name', 'properties': {'name': 'urn:ogc:def:crs:OGC:1.3:CRS84'}}, 'coordinates': [1.6715476666455982, 47.320917288665974]}",Correction_data/K648251001.csv,Végétations,,,,,,,,,,,,,,,,,,,,,,,,,,,,,,,,,,,,,,,,,,,,,,,,,,,,,,,,,,,,,,,,,,,,,,,,,,,,,,,,,,,,,,,,,,,,,,,,,,,,,,,,,,,,,17,31,14,27,-71,0.252714,-5.1473e+07,724972,183210,,,,,,,,,,,,,,,,,,,91,268,177,206,-125,0.444919,-6.25816e+08,5.00653e+06,2.2275e+06,,,,,,,,,,,,,,,,,,,,,,,,,,,,59,266,207,167,-103,0.366613,-8.85504e+08,8.59712e+06,3.15182e+06,,,,,,,,,,,,,,,,,,,411,366,549.736,2258.14,,2099,S,430450,13.1,1.33,94,155,196,2013-10-11 17:26:00,0,,,PRUNIERS-EN-SOLOGNE,41185,,2025-04-23 09:58:00,2013-08-26 14:36:00,1,Loire,80,,,True,,,,,,,False,True,True,True,False,2099,,2014,2025,104,1,-0.0784904,10
K722261011,K7222620,BUZANÇAIS - PONT VOIE FERRÉE,Indre,K7222620,################,K7222610,K7222610,L'Indre à Buzançais - Pont voie ferrée,"{'type': 'Point', 'crs': {'type': 'name', 'properties': {'name': 'urn:ogc:def:crs:OGC:1.3:CRS84'}}, 'coordinates': [1.4152640847957079, 46.89880525151008]}",Correction_data/K722261011.csv,,,,,,,,,,,,,,,,,,,,,,,,,,,,,,,,,,,,,,,,,,,,,,,,,,,,,,,,,,,,,,,,,,,,,,,,,,,,,,,,,,,,,,,,,,,,,,,,,,,,,121,250,129,180,-120,0.575816,-7.33104e+08,6.1092e+06,3.51777e+06,160,297,137,192,-210,1.00768,-1.27349e+09,6.06422e+06,6.11078e+06,74,365,291,140,-185,0.887716,-2.37492e+09,1.28374e+07,1.1396e+07,111,293,182,150,-140,0.671785,-9.45216e+08,6.75154e+06,4.53559e+06,57,265,208,92,-155,0.743762,-1.60766e+09,1.0372e+07,7.71428e+06,75,259,184,168,-205,0.983685,-1.73534e+09,8.46509e+06,8.32699e+06,,,,,,,,,,56,291,235,117,-143,0.68618,-9.97352e+08,6.97449e+06,4.78576e+06,33,313,280,151,-206,0.988484,-2.78565e+09,1.35226e+07,1.33669e+07,,,,,,,,,,,,,,,,,,,414,370,579.351,6645.53,,1244,S,430450,8.57,1.15,49.1,77.8,96.9,2013-10-11 17:23:00,0,250,,BUZANCAIS,36031,10558,2025-04-18 07:45:00,2013-10-03 17:38:00,1,Loire,7,1243,107,True,2014,2026,106,0,-0.0801415,13,True,True,True,True,True,,,,,,,,
A770101001,A7701010,CHAMBREY,la seille,CHAM,,,A7701010,La Seille à Chambrey,"{'type': 'Point', 'crs': {'type': 'name', 'properties': {'name': 'urn:ogc:def:crs:OGC:1.3:CRS84'}}, 'coordinates': [6.457076099341453, 48.78397854784593]}",Correction_data/A770101001.csv,,,,,,,,,,,,,,,,,,,,,,,,,,,,,,,,,,,,,,,,,,,,,,,,,,,,,,,,,,,,,,,,,,,,,,,,,,,,,,,,,,,,,,,,,,,,,,,,,,,,,,,,,,,,,,76,138,62,131,-470,0.722105,-7.11206e+08,1.5132e+06,1.09269e+06,109,331,222,193,-550,0.845016,-5.47714e+09,9.95844e+06,8.41505e+06,176,337,161,215,-270,0.414826,-2.56939e+09,9.51625e+06,3.94759e+06,114,344,230,177,-600,0.921836,-3.93034e+09,6.55056e+06,6.03854e+06,122,336,214,188,-650,0.998656,-5.4743e+09,8.42201e+06,8.41068e+06,125,356,231,175,-740,1.13693,-6.54264e+09,8.84141e+06,1.00521e+07,,,,,,,,,,,,,,,,,,,,,,,,,,,,,,,,,,,,,627,129,,,,,S,114570,4.38,0.8,33,43,49,2003-07-03 00:00:00,10,,,,,,2016-03-15 14:23:00,?,,Moselle,54,560,199,True,2008,2050,152,0,-0.208941,19,,,,,,,,,,,,,
A802101001,A8021010,ÉTAIN,l'orne,ÉTAI,,,A8021010,L'Orne à Étain,"{'type': 'Point', 'crs': {'type': 'name', 'properties': {'name': 'urn:ogc:def:crs:OGC:1.3:CRS84'}}, 'coordinates': [5.6324841284665155, 49.21360954107115]}",Correction_data/A802101001.csv,,,,,,,,,,,,,,,,,,,,,,,,,,,,,,,,,,,,,,,,,,,,,,,,,,,,,,,,,,,,,,,,,,,,,,,,,,,,,,,,,,,,,,,,,,,,,,,,,,,,,214,324,110,266,-180,0.99723,-1.2299e+09,6.8328e+06,6.81387e+06,210,330,120,265,-120,0.66482,-7.992e+08,6.66e+06,4.4277e+06,130,271,141,158,-70,0.387812,-4.28112e+08,6.11589e+06,2.37181e+06,190,337,147,290,-190,1.05263,-9.67248e+08,5.09078e+06,5.35871e+06,234,294,60,268,-40,0.221607,-1.0368e+08,2.592e+06,574404,,,,,,,,,,195,244,49,208,-50,0.277008,-1.0584e+08,2.1168e+06,586371,,,,,,,,,,,,,,,,,,,,,,,,,,,,,,,,,,,,,629,131,,,,,S,114570,1.08,0.052,20,26,30,2003-04-24 00:00:00,,,,,,,2016-04-29 11:15:00,?,,Moselle,32,135,199,True,2015,2050,48,0,-0.0464583,9,,,,,,,,,,,,,
A820101001,A8201010,JARNY [LABRY],l'orne,LABR,,A8201010,A8201010,L'Orne à Jarny [Labry],"{'type': 'Point', 'crs': {'type': 'name', 'properties': {'name': 'urn:ogc:def:crs:OGC:1.3:CRS84'}}, 'coordinates': [5.881716086674118, 49.167701088337935]}",Correction_data/A820101001.csv,,,,,,,,,,,,,,,,,,,,,,,,,,,,,,,,,,,,,,,,,,,,,,,,,,,,,,,,,,,,,,,,,,,,,,,,,,,,,,,,,,,,,,,,,,,,,,,,,,,,,133,324,191,231,-490,1.66667,-3.49445e+09,7.13153e+06,1.18859e+07,179,330,151,243,-210,0.714286,-1.44158e+09,6.86469e+06,4.90335e+06,91,318,227,207,-90,0.306122,-5.74431e+08,6.38257e+06,1.95385e+06,136,337,201,163,-100,0.340136,-9.88416e+08,9.88416e+06,3.36196e+06,94,294,200,268,-110,0.37415,-8.75664e+08,7.96058e+06,2.97845e+06,122,217,95,168,-80,0.272109,-3.59871e+08,4.49839e+06,1.22405e+06,161,244,83,188,-85,0.289116,-2.44719e+08,2.87905e+06,832378,123,271,148,151,-50,0.170068,-2.6136e+08,5.2272e+06,888980,,,,,,,,,,,,,,,,,,,,,,,,,,,,639,142,,,,,S,114570,,,,,,?,0,,,,,,2021-05-25 16:41:00,?,,Moselle,73,827,186,True,2011,2050,100,0,-0.0513,16,,,,,,,,,,,,,
A812200001,A8122000,HANNONVILLE-SUZÉMONT,l'yron,HANN,,,A8122000,L'Yron à Hannonville-Suzémont,"{'type': 'Point', 'crs': {'type': 'name', 'properties': {'name': 'urn:ogc:def:crs:OGC:1.3:CRS84'}}, 'coordinates': [5.837080625797896, 49.0987764065764]}",Correction_data/A812200001.csv,,,,,,,,,,,,,,,,,,,,,,,,,,,,,,,,,,,,,,,,,,,,,,,,,,,,,,,,,,,,,,,,,,,,,,,,,,,,,,,,,,,,,,,,,,,,,,,,,,,,,149,324,175,267,-90,0.965147,-6.588e+08,7.32e+06,7.06488e+06,,,,,,,,,,102,207,105,130,-30,0.321716,-1.72368e+08,5.7456e+06,1.84845e+06,114,254,140,136,-40,0.428954,-2.56608e+08,6.4152e+06,2.75183e+06,,,,,,,,,,122,317,195,169,-60,0.643432,-6.2208e+08,1.0368e+07,6.6711e+06,,,,,,,,,,151,271,120,165,-100,1.07239,-3.38688e+08,3.38688e+06,3.63204e+06,,,,,,,,,,,,,,,,,,,,,,,,,,,,640,143,,,,,S,114570,0.893,0.06,13,18,21,2002-05-15 00:00:00,0,,,,,,2016-06-09 10:33:00,?,,Moselle,39,131,197,True,2011,2050,49,0,-0.034898,10,,,,,,,,,,,,,
A994202001,A9942020,FILSTROFF,la nied,FILS,,,A9942020,La Nied à Filstroff,"{'type': 'Point', 'crs': {'type': 'name', 'properties': {'name': 'urn:ogc:def:crs:OGC:1.3:CRS84'}}, 'coordinates': [6.545266798965111, 49.32438087893787]}",Correction_data/A994202001.csv,,,,,,,,,,,,,,,,,,,,,,,,,,,,,,,,,,,,,,,,,,,,,,,,,,,,,,,,,,,,,,,,,,,,,,,,,,,,,,,,,,,,,,,,,,,,,,,,,,,,,79,324,245,208,-220,0.801457,-2.44771e+09,1.1126e+07,8.91698e+06,172,328,156,231,-90,0.327869,-7.87359e+08,8.74843e+06,2.86834e+06,123,331,208,255,-230,0.837887,-2.44781e+09,1.06427e+07,8.91735e+06,108,337,229,200,-270,0.983607,-3.74683e+09,1.38771e+07,1.36496e+07,92,346,254,218,-290,1.05647,-3.36658e+09,1.16089e+07,1.22644e+07,134,351,217,231,-250,0.910747,-2.59027e+09,1.03611e+07,9.43633e+06,,,,,,,,,,,,,,,,,,,,,,,,,,,,,,,,,,,,,,,,,,,,,,645,148,,,,,S,114570,10.5,1.4,97,140,170,2003-03-03 00:00:00,0,,,,,,2016-07-08 08:15:00,?,,Moselle,26,1170,189,True,2004,2050,199,0,-0.10593,22,,,,,,,,,,,,,
A840101001,A8401010,MOYEUVRE-GRANDE,l'orne,MOYG,,,A8401010,L'Orne à Moyeuvre-Grande,"{'type': 'Point', 'crs': {'type': 'name', 'properties': {'name': 'urn:ogc:def:crs:OGC:1.3:CRS84'}}, 'coordinates': [6.041718823626392, 49.24863133550724]}",Correction_data/A840101001.csv,Ouvrage hydraulique en amont de la station,,,,,,,,,,,,,,,,,,,,,,,,,,,,,,,,,,,,,,,,,,,,,,,,,,,,,,,,,,,,,,,,,,,,,,,,,,,,,,,,,,,,,,,,,,,,,,,,,,,,97,324,227,204,-210,0.644666,-1.51972e+09,7.23675e+06,4.66529e+06,179,366,187,186,-30,0.0920952,-3.34368e+08,1.11456e+07,1.02646e+06,91,318,227,235,-360,1.10514,-2.93867e+09,8.16296e+06,9.02123e+06,164,337,173,255,-200,0.613968,-1.25496e+09,6.2748e+06,3.85252e+06,156,294,138,239,-310,0.95165,-1.99843e+09,6.44655e+06,6.13486e+06,122,306,184,239,-230,0.706063,-1.6088e+09,6.9948e+06,4.93877e+06,160,244,84,208,-50,0.153492,-1.62432e+08,3.24864e+06,498640,,,,,,,,,,,,,,,,,,,,,,,,,,,,,,,,,,,,,682,190,,,,,S,114570,8,0.56,110,140,160,?,0,,,,,,2018-09-13 09:44:00,2007-03-12 14:42:00,,Moselle,33,1144,170,True,2011,2050,95,0,-0.0766737,13,,,,,,,,,,,,,
A807101001,A8071010,BONCOURT,l'orne,BONC,,A8071010,A8071010,L'Orne à Boncourt,"{'type': 'Point', 'crs': {'type': 'name', 'properties': {'name': 'urn:ogc:def:crs:OGC:1.3:CRS84'}}, 'coordinates': [5.8304665438946515, 49.16256571618245]}",Correction_data/A807101001.csv,,,,,,,,,,,,,,,,,,,,,,,,,,,,,,,,,,,,,,,,,,,,,,,,,,,,,,,,,,,,,,,,,,,,,,,,,,,,,,,,,,,,,,,,,,,,,,,,,,,,,133,231,98,203,-70,0.493827,-3.44736e+08,4.9248e+06,2.432e+06,210,330,120,308,-50,0.352734,-3.27589e+08,6.55178e+06,2.31103e+06,102,318,216,158,-150,1.0582,-1.16929e+09,7.79526e+06,8.24895e+06,190,337,147,290,-120,0.846561,-7.08048e+08,5.9004e+06,4.99505e+06,156,294,138,268,-70,0.493827,-6.22944e+08,8.8992e+06,4.39467e+06,122,282,160,259,-170,1.19929,-1.19275e+09,7.01619e+06,8.41448e+06,160,365,205,208,-110,0.776014,-8.4024e+08,7.63855e+06,5.92762e+06,,,,,,,,,,,,,,,,,,,,,,,,,,,,,,,,,,,,,714,1,,,,412,S,114570,3.66,0.12,56,78,93,2003-04-24 00:00:00,,,,,,,2021-05-25 16:44:00,?,,Moselle,61,399,185,True,2010,2050,106,0,-0.0445,17,,,,,,,,,,,,,
A832201001,A8322010,BRIEY,le woigot,BRIE,,,A8322010,Le Woigot à Briey,"{'type': 'Point', 'crs': {'type': 'name', 'properties': {'name': 'urn:ogc:def:crs:OGC:1.3:CRS84'}}, 'coordinates': [5.933377577747922, 49.24695295880647]}",Correction_data/A832201001.csv,,,,,,,,,,,,,,,,,,,,,,,,,,,,,,,,,,,,,,,,,,,,,,,,,,,,,,,,,,,,,,,,,,,,,,,,,,,,,,,,,,,,,,,,,,,,,,,,,,,,,,,,,,,,,,69,167,98,153,-60,1.05263,-1.96992e+08,3.2832e+06,3.456e+06,,,,,,,,,,,,,,,,,,,,,,,,,,,,,,,,,,,,,,,,,,,,,,,,,,,,,,,,,,,,,,,,,,,,,,,,,,,,,,,,,,716,3,,,,75,S,114570,1.25,0.21,17,25,30,?,,,,,,,2016-03-10 13:47:00,?,,Moselle,67,75,204,True,2008,2050,53,0,-0.0222642,9,,,,,,,,,,,,,
A443064001,A4250640,ÉPINAL,la moselle,ÉPIN,"creation 1960 station automatiser depuis 1997
code de la base hydro le 07/07/2003=A4250640
prochain code A4430640",A4430640,A4430640,La Moselle à Épinal,"{'type': 'Point', 'crs': {'type': 'name', 'properties': {'name': 'urn:ogc:def:crs:OGC:1.3:CRS84'}}, 'coordinates': [6.452980629862224, 48.16566623348259]}",Correction_data/A443064001.csv,Station dite 'à herbe' ,,,,,,,,,,,,,,,,,,,,,,,,,,,,,,,,,,,,,,,,,,,,,,,,,,,,,,,,,,,,,,,,,,,,,,,,,,,,,,,,,,,,,,,,,,,,,,,,,,,,33,324,291,168,-220,1.03529,-2.04667e+09,9.30307e+06,9.63141e+06,122,366,244,150,-150,0.705882,-1.5889e+09,1.05926e+07,7.47716e+06,,,,,,,,,,,,,,,,,,,,,,,,,,,,,,,,,,,,,,,,,,,,,,,,,,,,,,,,,,,,,,,,,,,,,,,,,,,,,,,,,,727,14,906.1,2359.84,,1220,S,114570,38,5.5,370,510,600,2003-07-08 00:00:00,,,,,,,2019-01-24 16:39:00,?,,Moselle,29,1217,324,True,1968,2050,287,0,-0.0589895,45,,,,,,,,,,,,,
A673122001,A6731220,GERBÉVILLER,la mortagne,GERB,"gps maison z= 229
meteo x=0909411,y=2395830,z=263",A6731220,A6731220,La Mortagne à Gerbéviller,"{'type': 'Point', 'crs': {'type': 'name', 'properties': {'name': 'urn:ogc:def:crs:OGC:1.3:CRS84'}}, 'coordinates': [6.52447212265037, 48.48706774877082]}",Correction_data/A673122001.csv,,,,,,,,,,,,,,,,,,,,,,,,,,,,,,,,,,,,,,,,,,,,,,,,,,,,,,,,,,,,,,,,,,,,,,,,,,,,,,,,,,,,,,,,,,,,,,,,,,,,,121,245,124,154,-110,1.07843,-5.04415e+08,4.5856e+06,4.94525e+06,,,,,,,,,,,,,,,,,,,,,,,,,,,,,,,,,,,,,,,,,,,,,,,,,,,,,,,,,,,,,,,,,,,,,,,,,,,,,,,,,,,,,,,,,,,731,18,909579,2.39593e+06,,493,S,114570,5.7,1.2,68,99,120,2002-06-28 00:00:00,0,,,,,,2017-06-08 17:25:00,?,,Moselle,56,493,233,True,2011,2050,34,0,-0.0283529,9,,,,,,,,,,,,,
A543101001,A5431010,PULLIGNY,le madon,PULL,gps maison z=232 !!!,A5431010,A5431010,Le Madon à Pulligny,"{'type': 'Point', 'crs': {'type': 'name', 'properties': {'name': 'urn:ogc:def:crs:OGC:1.3:CRS84'}}, 'coordinates': [6.1315457560000075, 48.545355659412905]}",Correction_data/A543101001.csv,Station à herbe,,,,,,,,,,,,,,,,,,,,,,,,,,,,,,,,,,,,,,,,,,,,,,,,,,,,,,,,,,,,,,,,,,,,,,,,,,,,,,,,,,,,,,,,,,,,,,,,,,,,,,,,,,,,,,,,,,,,,,125,314,189,192,-60,0.662983,-5.62431e+08,9.37385e+06,6.21471e+06,123,324,201,198,-100,1.10497,-9.65901e+08,9.65901e+06,1.06729e+07,136,295,159,234,-90,0.994475,-7.59024e+08,8.4336e+06,8.38701e+06,148,307,159,174,-90,0.994475,-6.98112e+08,7.7568e+06,7.71394e+06,,,,,,,,,,,,,,,,,,,,,,,,,,,,,,,,,,,,,,,,,,,,,,747,34,880234,2.40094e+06,,940,S,114570,10.5,1.2,160,220,270,2002-06-21 00:00:00,0,,,,,,2022-05-09 10:33:00,?,,Moselle,64,943,225,True,1999,2050,176,0,-0.0345114,25,,,,,,,,,,,,,
A843101001,A8431010,ROSSELANGE,l'orne,ROSS,,,A8431010,L'Orne à Rosselange,"{'type': 'Point', 'crs': {'type': 'name', 'properties': {'name': 'urn:ogc:def:crs:OGC:1.3:CRS84'}}, 'coordinates': [6.072001470924632, 49.256392246365735]}",Correction_data/A843101001.csv,,,,,,,,,,,,,,,,,,,,,,,,,,,,,,,,,,,,,,,,,,,,,,,,,,,,,,,,,,,,,,,,,,,,,,,,,,,,,,,,,,,,,,,,,,,,,,,,,,,,,,,,,,,,,,,,,,,,,,,131,219,88,159,-90,1.09756,-4.703e+08,5.22555e+06,5.73536e+06,164,262,98,255,-20,0.243902,-8.4672e+07,4.2336e+06,1.03259e+06,156,294,138,184,-40,0.487805,-3.12336e+08,7.8084e+06,3.80898e+06,168,217,49,198,-30,0.365854,-6.35238e+07,2.11746e+06,774680,160,208,48,188,-50,0.609756,-1.0368e+08,2.0736e+06,1.26439e+06,151,208,57,165,-80,0.97561,-1.80144e+08,2.2518e+06,2.19688e+06,,,,,,,,,,,,,,,,,,,,,,,,,,,,750,37,,,,1230,S,114570,12.2,1.2,150,210,250,?,,,,,,,2017-04-13 15:02:00,?,,Moselle,72,1238,164,True,2006,2050,91,0,-0.0334066,15,,,,,,,,,,,,,
A670121001,A6701210,ROVILLE-AUX-CHÊNES,la mortagne,ROVI,gps maison z=238,A6701210,A6701210,La Mortagne à Roville-aux-Chênes,"{'type': 'Point', 'crs': {'type': 'name', 'properties': {'name': 'urn:ogc:def:crs:OGC:1.3:CRS84'}}, 'coordinates': [6.613858406865742, 48.36876282897321]}",Correction_data/A670121001.csv,,,,,,,,,,,,,,,,,,,,,,,,,,,,,,,,,,,,,,,,,,,,,,,,,,,,,,,,,,,,,,,,,,,,,,,,,,,,,,,,,,,,,,,,,,,,,,,,,,,,,,,,,,,,,,,,,,,,,,,81,365,284,185,-150,1.07488,-1.74825e+09,1.1655e+07,1.25277e+07,,,,,,,,,,,,,,,,,,,,,,,,,,,,,,,,,,,,,,,,,,,,,,,,,,,,,,,,,,,,,,,,,,,,,,,,,759,46,916847,2.3832e+06,,300,S,114570,3.69,0.86,48,65,77,2003-09-01 00:00:00,0,,,,,,2018-05-18 11:35:00,?,,Moselle,43,300,271,True,2013,2050,79,0,-0.0401899,12,,,,,,,,,,,,,
A436203001,A4362030,CHENIMÉNIL,la vologne,CHEN,creation 1988,A4362030,A4362030,La Vologne à Cheniménil,"{'type': 'Point', 'crs': {'type': 'name', 'properties': {'name': 'urn:ogc:def:crs:OGC:1.3:CRS84'}}, 'coordinates': [6.603384720859391, 48.13289237041403]}",Correction_data/A436203001.csv,,,,,,,,,,,,,,,,,,,,,,,,,,,,,,,,,,,,,,,,,,,,,,,,,,,,,,,,,,,,,,,,,,,,,,,,,,,,,,,,,,,,,,,,,,,,,,,,,,,,,132,324,192,168,-40,0.48048,-4.24361e+08,1.0609e+07,5.09743e+06,164,336,172,202,-50,0.600601,-3.30707e+08,6.61415e+06,3.97246e+06,71,305,234,172,-90,1.08108,-8.88365e+08,9.87072e+06,1.0671e+07,67,337,270,171,-30,0.36036,-4.91997e+08,1.63999e+07,5.90987e+06,107,324,217,163,-80,0.960961,-8.77824e+08,1.09728e+07,1.05444e+07,92,357,265,176,-80,0.960961,-1.09426e+09,1.36782e+07,1.31442e+07,201,334,133,229,-70,0.840841,-3.99168e+08,5.7024e+06,4.79481e+06,,,,,,,,,,,,,,,,,,,,,,,,,,,,,,,,,,,,,761,48,917523,2.35691e+06,,355,S,114570,9.54,1.6,63,84,98,2002-06-14 00:00:00,0,,,,,,2022-04-06 15:21:00,?,,Moselle,59,355,370,True,2006,2050,116,0,-0.0356638,17,,,,,,,,,,,,,
A873201001,A8732010,KOENIGSMACKER (LA CANNER),la canner,KOEN, gps de la maison  z=140!!!,,A8732010,Le Canner à Kœnigsmacker,"{'type': 'Point', 'crs': {'type': 'name', 'properties': {'name': 'urn:ogc:def:crs:OGC:1.3:CRS84'}}, 'coordinates': [6.272360240773493, 49.39188544449565]}",Correction_data/A873201001.csv,,,,,,,,,,,,,,,,,,,,,,,,,,,,,,,,,,,,,,,,,,,,,,,,,,,,,,,,,,,,,,,,,,,,,,,,,,,,,,,,,,,,,,,,,,,,,,,,,,,,,60,282,222,246,-50,1,-4.7952e+08,9.5904e+06,9.5904e+06,189,321,132,239,-30,0.6,-2.03586e+08,6.78621e+06,4.07173e+06,,,,,,,,,,,,,,,,,,,,,,,,,,,,,,,,,,,,,,,,,,,,,,,,,,,,,,,,,,,,,,,,,,,,,,,,,,,,,,,,,,766,53,885909,2.49551e+06,,110,S,114570,0.871,0.17,18,28,35,2002-06-21 00:00:00,0,,,,,,2016-04-11 09:54:00,?,,Moselle,53,110,150,True,2014,2016,18,0,-0.0188889,3,,,,,,,,,,,,,
A758102001,A7581020,MOYENVIC,la seille,MOYE,gps maison z=204!!!!,,A7581020,La Seille à Moyenvic,"{'type': 'Point', 'crs': {'type': 'name', 'properties': {'name': 'urn:ogc:def:crs:OGC:1.3:CRS84'}}, 'coordinates': [6.567826578942335, 48.780882802722886]}",Correction_data/A758102001.csv,,,,,,,,,,,,,,,,,,,,,,,,,,,,,,,,,,,,,,,,,,,,,,,,,,,,,,,,,,,,,,,,,,,,,,,,,,,,,,,,,,,,,,,,,,,,,,,,,,,,,79,287,208,187,-80,0.194529,-9.76752e+08,1.22094e+07,2.37508e+06,106,181,75,157,-500,1.21581,-8.84313e+08,1.76863e+06,2.1503e+06,109,365,256,166,-140,0.340426,-1.08618e+09,7.75841e+06,2.64116e+06,157,337,180,282,-80,0.194529,-7.68108e+08,9.60135e+06,1.86774e+06,86,276,190,177,-160,0.389058,-1.56557e+09,9.7848e+06,3.80685e+06,134,336,202,188,-140,0.340426,-1.64981e+09,1.17843e+07,4.01169e+06,125,341,216,175,-290,0.705167,-2.22955e+09,7.68811e+06,5.4214e+06,,,,,,,,,,,,,,,,,,,,,,,,,,,,,,,,,,,,,768,56,911006,2.42872e+06,,352,S,114570,2.88,0.38,22,31,37,2003-09-05 00:00:00,0,,,,,,2019-08-08 15:02:00,?,,Moselle,48,352,199,True,2009,2050,130,0,-0.0785385,17,,,,,,,,,,,,,
A986201001,A9862010,VARIZE,la nied allemande,VARI,coordonnees lambert faite avec le gps maison z=207,,A9862010,La Nied Allemande à Varize,"{'type': 'Point', 'crs': {'type': 'name', 'properties': {'name': 'urn:ogc:def:crs:OGC:1.3:CRS84'}}, 'coordinates': [6.446070936102739, 49.14244177523799]}",Correction_data/A986201001.csv,,,,,,,,,,,,,,,,,,,,,,,,,,,,,,,,,,,,,,,,,,,,,,,,,,,,,,,,,,,,,,,,,,,,,,,,,,,,,,,,,,,,,,,,,,,,,,,,,,,,,151,313,162,252,-64,0.8,-5.94231e+08,9.28486e+06,7.42789e+06,189,328,139,307,-80,1,-4.153e+08,5.19125e+06,5.19125e+06,151,276,125,235,-50,0.625,-3.60258e+08,7.20516e+06,4.50323e+06,173,331,158,200,-50,0.625,-3.64951e+08,7.29902e+06,4.56189e+06,149,282,133,218,-80,1,-4.63536e+08,5.7942e+06,5.7942e+06,183,281,98,252,-40,0.5,-1.45584e+08,3.6396e+06,1.8198e+06,215,307,92,245,-30,0.375,-1.54656e+08,5.1552e+06,1.9332e+06,110,158,48,131,-20,0.25,-4.1472e+07,2.0736e+06,518400,,,,,,,,,,,,,,,,,,,,,,,,,,,,769,58,899968,2.46844e+06,,364,S,114570,3.57,0.35,39,55,66,2002-06-21 00:00:00,0,,,,,,2016-02-12 14:24:00,?,,Moselle,65,364,204,True,2008,2050,123,0,-0.0239593,19,,,,,,,,,,,,,
A975201001,A9752010,CONDÉ-NORTHEN,la nied française,COND,coordonnees lambert faite avec le gps maison z=197,,A9752010,La Nied [Française] à Condé-Northen [Pontigny],"{'type': 'Point', 'crs': {'type': 'name', 'properties': {'name': 'urn:ogc:def:crs:OGC:1.3:CRS84'}}, 'coordinates': [6.421310647784298, 49.14678428316906]}",Correction_data/A975201001.csv,,,,,,,,,,,,,,,,,,,,,,,,,,,,,,,,,,,,,,,,,,,,,,,,,,,,,,,,,,,,,,,,,,,,,,,,,,,,,,,,,,,,,,,,,,,,,,,,,,,,,,,,,,,,,,189,279,90,231,-20,0.155945,-9.4176e+07,4.7088e+06,734316,206,276,70,235,-40,0.311891,-1.5552e+08,3.888e+06,1.21263e+06,107,337,230,221,-26,0.202729,-3.71611e+08,1.42927e+07,2.89755e+06,92,323,231,249,-90,0.701754,-9.85824e+08,1.09536e+07,7.68674e+06,134,281,147,211,-120,0.935673,-8.2944e+08,6.912e+06,6.46737e+06,146,328,182,307,-80,0.623782,-7.00272e+08,8.7534e+06,5.46021e+06,,,,,,,,,,,,,,,,,,,,,,,,,,,,,,,,,,,,,770,59,898126,2.46882e+06,,499,S,114570,3.83,0.45,47,72,88,2002-06-21 00:00:00,0,,,,,,2016-02-12 15:08:00,?,,Moselle,62,499,205,True,2011,2050,96,0,-0.0320208,14,,,,,,,,,,,,,
A782101001,A7821010,NOMENY,la seille,NOME,Affiner la côte échelle seuil noyé (passage du contrôle seuil au contrôle chenal) + débordement (lit mineur/majeur) sans herbe,A7821010,A7821010,La Seille à Nomeny,"{'type': 'Point', 'crs': {'type': 'name', 'properties': {'name': 'urn:ogc:def:crs:OGC:1.3:CRS84'}}, 'coordinates': [6.227787793413984, 48.88827114368155]}",Correction_data/A782101001.csv,,,,,,,,,,,,,,,,,,,,,,,,,,,,,,,,,,,,,,,,,,,,,,,,,,,,,,,,,,,,,,,,,,,,,,,,,,,,,,,,,,,,,,,,,,,,,,,,,,,,,142,324,182,262,-100,0.25,-8.6832e+08,8.6832e+06,2.1708e+06,181,315,134,245,-80,0.2,-5.32224e+08,6.6528e+06,1.33056e+06,136,365,229,193,-50,0.125,-4.79505e+08,9.5901e+06,1.19876e+06,100,337,237,157,-80,0.2,-8.23593e+08,1.02949e+07,2.05898e+06,86,294,208,177,-90,0.225,-9.96192e+08,1.10688e+07,2.49048e+06,134,336,202,162,-100,0.25,-1.01136e+09,1.01136e+07,2.52839e+06,125,195,70,175,-110,0.275,-3.50784e+08,3.18895e+06,876960,,,,,,,,,,,,,,,,,,,,,,,,,,,,,,,,,,,,,771,60,885459,2.43938e+06,,925,S,114570,7.7,1.1,56,81,97,2002-06-21 00:00:00,0,200,50,,,18066,2017-09-27 10:57:00,?,,Moselle,60,925,181,True,2015,2050,115,0,-0.0723652,12,,,,,,,,,,,,,
A735201001,A7352010,ONVILLE,le rupt de mad,ONVI,,,A7352010,Le Rupt de Mad à Onville,"{'type': 'Point', 'crs': {'type': 'name', 'properties': {'name': 'urn:ogc:def:crs:OGC:1.3:CRS84'}}, 'coordinates': [5.96185355143439, 49.0125450473669]}",Correction_data/A735201001.csv,,,,,,,,,,,,,,,,,,,,,,,,,,,,,,,,,,,,,,,,,,,,,,,,,,,,,,,,,,,,,,,,,,,,,,,,,,,,,,,,,,,,,,,,,,,,,,,,,,,,,149,324,175,260,-100,0.588235,-8.46288e+08,8.46288e+06,4.97816e+06,77,330,253,181,-170,1,-2.08579e+09,1.22694e+07,1.22694e+07,74,365,291,136,-90,0.529412,-7.36137e+08,8.1793e+06,4.33022e+06,,,,,,,,,,86,346,260,177,-150,0.882353,-1.3932e+09,9.288e+06,8.19529e+06,122,266,144,188,-200,1.17647,-9.62064e+08,4.81032e+06,5.6592e+06,153,341,188,175,-140,0.823529,-1.45066e+09,1.03618e+07,8.53327e+06,,,,,,,,,,,,,,,,,,,,,,,,,,,,,,,,,,,,,772,61,,,,358,S,114570,3.3,0.41,40,59,71,?,,,,,,,2016-07-27 16:05:00,?,,Moselle,31,358,184,True,1986,2050,284,0,-0.0695246,33,,,,,,,,,,,,,
A800621001,A8006210,MORGEMOULIN,le ruisseau de vaux,MORG,,,A8006210,Le Ru de Vaux à Morgemoulin,"{'type': 'Point', 'crs': {'type': 'name', 'properties': {'name': 'urn:ogc:def:crs:OGC:1.3:CRS84'}}, 'coordinates': [5.58187046598603, 49.23443942154869]}",Correction_data/A800621001.csv,,,,,,,,,,,,,,,,,,,,,,,,,,,,,,,,,,,,,,,,,,,,,,,,,,,,,,,,,,,,,,,,,,,,,,,,,,,,,,,,,,,,,,,,,,,,,,,,,,,,,105,324,219,266,-50,0.571429,-5.13401e+08,1.0268e+07,5.86744e+06,92,243,151,210,-30,0.342857,-2.5488e+08,8.496e+06,2.91291e+06,,,,,,,,,,163,254,91,190,-10,0.114286,-3.9312e+07,3.9312e+06,449280,,,,,,,,,,,,,,,,,,,,,,,,,,,,,,,,,,,,,,,,,,,,,,,,,,,,,,,,,,,,,,,,784,81,,,,42.3,S,114570,0.385,0.022,7.4,10,12,1998-02-16 00:00:00,,,,,,,2016-06-09 13:30:00,?,,Moselle,42,42,208,True,2015,2050,18,0,-0.0166667,5,,,,,,,,,,,,,
A983201001,A9832010,FAULQUEMONT,la nied allemande,FAUL,les coordonnees lambert sont faite avec le gps maison  z=224,,A9832010,La Nied Allemande à Faulquemont,"{'type': 'Point', 'crs': {'type': 'name', 'properties': {'name': 'urn:ogc:def:crs:OGC:1.3:CRS84'}}, 'coordinates': [6.614249750411094, 49.046535876632745]}",Correction_data/A983201001.csv,,,,,,,,,,,,,,,,,,,,,,,,,,,,,,,,,,,,,,,,,,,,,,,,,,,,,,,,,,,,,,,,,,,,,,,,,,,,,,,,,,,,,,,,,,,,,,,,,,,,,79,324,245,208,-420,1.06061,-6.19013e+09,1.47384e+07,1.56316e+07,167,328,161,279,-310,0.782828,-2.52176e+09,8.13471e+06,6.36808e+06,95,331,236,235,-450,1.13636,-2.62452e+09,5.83227e+06,6.62758e+06,131,309,178,156,-80,0.20202,-8.10095e+08,1.01262e+07,2.0457e+06,92,346,254,235,-95,0.239899,-1.2922e+09,1.36021e+07,3.26313e+06,134,330,196,281,-50,0.126263,-5.86891e+08,1.17378e+07,1.48205e+06,146,348,202,189,-252,0.636364,-1.63382e+09,6.48342e+06,4.12581e+06,62,110,48,102,-70,0.176768,-1.4319e+08,2.04557e+06,361591,,,,,,,,,,,,,,,,,,,,,,,,,,,,786,84,912828,2.45844e+06,,187,S,114570,1.92,0.12,18,25,29,2002-06-21 00:00:00,0,,,,,,2016-07-08 13:32:00,?,,Moselle,55,187,242,True,1985,2050,383,0,-0.122731,37,,,,,,,,,,,,,
A973121001,A9731210,ANCERVILLE,la nied française,ANCE,,A9731210,A9731210,La Nied [Française] à Ancerville,"{'type': 'Point', 'crs': {'type': 'name', 'properties': {'name': 'urn:ogc:def:crs:OGC:1.3:CRS84'}}, 'coordinates': [6.383258016531421, 49.02861695982086]}",Correction_data/A973121001.csv,Végétation,,,,,,,,,,,,,,,,,,,,,,,,,,,,,,,,,,,,,,,,,,,,,,,,,,,,,,,,,,,,,,,,,,,,,,,,,,,,,,,,,,,,,,,,,,,,,,,,,,,,79,324,245,208,-330,0.993976,-4.64227e+09,1.40675e+07,1.39827e+07,172,328,156,231,-240,0.722892,-1.7932e+09,7.47165e+06,5.40119e+06,123,331,208,173,-320,0.963855,-3.18101e+09,9.94067e+06,9.58136e+06,108,337,229,200,-430,1.29518,-5.18047e+09,1.20476e+07,1.56038e+07,92,346,254,249,-270,0.813253,-4.17269e+09,1.54544e+07,1.25683e+07,134,330,196,183,-300,0.903614,-3.25382e+09,1.08461e+07,9.80067e+06,,,,,,,,,,,,,,,,,,,,,,,,,,,,,,,,,,,,,,,,,,,,,,796,112,,,,,S,114570,2.5,0.34,29,43,52,?,,,,,,,2022-04-04 14:08:00,?,,Moselle,27,331,218,True,2003,2050,215,0,-0.140698,24,,,,,,,,,,,,,
A523011001,A5230110,BEGNÉCOURT (HEUCHELOUP),le madon,HEUC,Altitude estimée avec BD Topo : 288m,A5230110,A5230110,Le Madon à Begnécourt [Moulin d'Heucheloup],"{'type': 'Point', 'crs': {'type': 'name', 'properties': {'name': 'urn:ogc:def:crs:OGC:1.3:CRS84'}}, 'coordinates': [6.149771692944951, 48.21399875891455]}",Correction_data/A523011001.csv,,,,,,,,,,,,,,,,,,,,,,,,,,,,,,,,,,,,,,,,,,,,,,,,,,,,,,,,,,,,,,,,,,,,,,,,,,,,,,,,,,,,,,,,,,,,,,,,,,,,,131,324,193,209,-100,0.982801,-9.95644e+08,9.95644e+06,9.7852e+06,,,,,,,,,,91,314,223,192,-110,1.08108,-1.33871e+09,1.21701e+07,1.31569e+07,,,,,,,,,,163,295,132,234,-80,0.786241,-6.6744e+08,8.343e+06,6.55961e+06,122,273,151,203,-80,0.786241,-5.2272e+08,6.534e+06,5.1373e+06,,,,,,,,,,,,,,,,,,,,,,,,,,,,,,,,,,,,,,,,,,,,,,874,301,883330,2.36408e+06,,173.2,S,114570,2.5,0.28,62,,,2010-02-05 15:27:00,0,,,BEGNECOURT,88047,,2016-05-17 15:36:00,2009-07-28 10:06:00,,Moselle,35,171,288,True,2015,2050,48,0,-0.0379167,9,,,,,,,,,,,,,
A643112002,A6431118,BLÂMONT [AMONT],la vezouze,BLÂA,Capteur amont situé à environ 30m à l'amont de la station de Blâmont.,A6431120,A6431120,La Vezouze à Blâmont - amont,"{'type': 'Point', 'crs': {'type': 'name', 'properties': {'name': 'urn:ogc:def:crs:OGC:1.3:CRS84'}}, 'coordinates': [6.843861080335643, 48.58804878800964]}",Correction_data/A643112002.csv,,,,,,,,,,,,,,,,,,,,,,,,,,,,,,,,,,,,,,,,,,,,,,,,,,,,,,,,,,,,,,,,,,,,,,,,,,,,,,,,,,,,,,,,,,,,,,,,,,,,,,,,,,,,,,68,366,298,179,-80,1.10345,-7.26499e+08,9.08124e+06,1.00207e+07,,,,,,,,,,,,,,,,,,,,,,,,,,,,,,,,,,,,,,,,,,,,,,,,,,,,,,,,,,,,,,,,,,,,,,,,,,,,,,,,,,879,307,932505,2.40837e+06,,113,S,114573,1.57,0.46,16,24,29,?,0,,,BLAMONT,,,2016-07-05 10:42:00,2010-03-09 15:44:00,,Moselle,50,114,265,True,2009,2024,32,0,-0.0308125,8,,,,,,,,,,,,,
A788101002,A7881020,METZ PONT LOTHAIRE AMONT,Seille,MPLOAMONT,Seconde station de Metz Pont Lothaire. Capteur radar sur potence qui mesure à l'amont du nouveau pont construit en 2015. Nouvelle échelle associée. CT à construire.,A7881010,A7881010,La Seille à Metz - Pont Lothaire amont,"{'type': 'Point', 'crs': {'type': 'name', 'properties': {'name': 'urn:ogc:def:crs:OGC:1.3:CRS84'}}, 'coordinates': [6.188151566531442, 49.10077426212024]}",Correction_data/A788101002.csv,,,,,,,,,,,,,,,,,,,,,,,,,,,,,,,,,,,,,,,,,,,,,,,,,,,,,,,,,,,,,,,,,,,,,,,,,,,,,,,,,,,,,,,,,,,,,,,,,,,,,,,,,,,,,,,,,,,,,,,,,,,,,,,,,,,,,,,,,,,,,,,,,,164,245,81,188,-30,0.191693,-1.37808e+08,4.5936e+06,880562,153,243,90,209,-140,0.894569,-5.80608e+08,4.1472e+06,3.70996e+06,,,,,,,,,,,,,,,,,,,,,,,,,,,,,,,,,,,,,890,319,881399,2.4628e+06,,1280,S,114582,9.76,1.2,73,100,120,?,0,,,,,16354,2019-08-08 15:29:00,2015-11-24 17:13:00,,Moselle,75,1280,163,True,2020,2050,33,0,-0.0448788,6,,,,,,,,,,,,,
A350010001,A3501010,DRUSENHEIM,MODER,A3501010,"
adresse:passerelle de la MODER
67410- DRUSENHEIM
plan cadastrale: section 6; parcelle 304; propriétaire du terrain : la commune de DRUSENHEIM

Zéro de l'échelle: 119.406 NGF69 nivelée le 23/07/2002 ; rive droite

ALCYR: CYR2 V23 N° 011012 installée le 13/11/2002
MODEM RTC TEL: 03 88 53 43 38 
PARAFOUDRE type:

sonde paratronnic:2912-4
pleine échelle 4m L= 15m Température de réglage 14°
COURANT 4-20 
Station modernisée en 2007: CPL + LPN/8 + MODEM ETIC TEL: 03 88 53 43 38 

Jaugeages au saumon effectués sur le pont de la D 468; LAMBERT X = 1012-170 ; Y =1133-120

Responsable et gestionnaire de la station: Guillaume PHILIPPS

SECURITE:
Le véhicule se gare sans danger sur la rampe d'accés des canoës.
L'accès à la station ne pose pas de problème.

Jaugeage au moulinet:
Pas de problèmes spécifiques la section est relativement régulière.

Jaugeage au saumon:
Possible à partir du pont de la D468 situé en amont de la station.

Jaugeage avec le STREAM-PRO méthode ADCP.
Possible à partir de la passerelle.

RECOMMANDATIONS:
Jaugeage au moulinet: pour accéder à la rivière, il y a risque de chute en cas de glissade sur le talus.
Jaugeage au SAUMON, mettre en oeuvre le chantier mobile et les EPI. 
Jaugeage STREAM PRO sans dangers spécifiques à partir de la passerelle.

",A3500100,,,,,,,,,,,,,,,,,,,,,,,,,,,,,,,,,,,,,,,,,,,,,,,,,,,,,,,,,,,,,,,,,,,,,,,,,,,,,,,,,,,,,,,,,,,,,,,,,,,,,,,,,,,,,,,,,,149,348,199,170,-120,0.428571,-5.04965e+08,4.20804e+06,1.80345e+06,121,317,196,247,-198,0.707143,-2.03477e+09,1.02766e+07,7.26704e+06,121,335,214,244,-80,0.285714,-9.00568e+08,1.12571e+07,3.21632e+06,,,,,,,,,,,,,,,,,,,,,,,,,,,,121,273,152,215,-75,0.267857,-6.45197e+08,8.60263e+06,2.30428e+06,,,,,,,,,,145,306,161,284,-310,1.10714,-7.8696e+08,2.53858e+06,2.81057e+06,161,305,144,198,-60,0.214286,-4.81626e+08,8.02711e+06,1.72009e+06,17,18,1012.22,1133.12,979.43,1552,S,115680,,,,,,2005-05-06 00:00:00,10,,,,,,2016-02-04 13:54:00,?,,67,,,,,,,,,,,,,,,,,,,,,,,
A907105050,A9091060,DIEDENDORF,SARRE,DIED,"Les PK ont été vérifiés en mars 2010 via la BD Carthage.
La superficie du Bassin Versant a été vérifié via l'outil décli,c compatible avec la BD Carthage, en mars 2010.",A9071050,,,,,,,,,,,,,,,,,,,,,,,,,,,,,,,,,,,,,,,,,,,,,,,,,,,,,,,,,,,,,,,,,,,,,,,,,,,,,,,,,,,,,,,,,,,,,,,,,,,,,,,,,55,337,282,62,-108,1,-1.85332e+09,1.71604e+07,1.71604e+07,,,,,,,,,,60,345,285,233,-95,0.87963,-1.38359e+09,1.45641e+07,1.2811e+07,,,,,,,,,,91,365,274,210,-116,1.07407,-1.53593e+09,1.32408e+07,1.42216e+07,,,,,,,,,,91,335,244,196,-99,0.916667,-1.0931e+09,1.10414e+07,1.01213e+07,,,,,,,,,,133,335,202,192,-82,0.759259,-1.14128e+09,1.39181e+07,1.05674e+07,138,142,4,138,-250,2.31481,-4.32e+07,172800,400000,77,305,228,184,-90,0.833333,-1.18909e+09,1.32121e+07,1.10101e+07,906,4,946.096,2441.39,817.51,732.51,S,115680,7.34,1.58,111,167,204,2009-11-26 16:09:00,0,,,,,,2023-07-05 15:54:00,?,,Sarre,,,,,,,,,,,,,,,,,,,,,,,
A909106050,A9091050,KESKASTEL,SARRE,KESK,"Le PK a été vérifié en mars 2010 via la BD Carthage.
La superficie du Bassin Versant a été vérifiée via l'outil déclic compatible avec la BD Carthage, en mars 2010.",A9091060,,,,,,,,,,,,,,,,,,,,,,,,,,,,,,,,,,,,,,,,,,,,,,,,,,,,,,,,,,,,,,,,,,,,,,,,,,,,,,,,,,,,,,,,,,,,,,,,,,,,,,,,,7,334,327,197,-80,0.86815,-9.18414e+08,1.14802e+07,9.96651e+06,,,,,,,,,,149,327,178,318,-113,1.22626,-4.23698e+08,3.74954e+06,4.59792e+06,,,,,,,,,,,,,,,,,,,,,,,,,,,,147,322,175,287,-70,0.759631,-5.92837e+08,8.4691e+06,6.43339e+06,145,335,190,193,-50,0.542594,-4.96471e+08,9.92942e+06,5.38764e+06,116,332,216,180,-89,0.965817,-9.44667e+08,1.06142e+07,1.02514e+07,138,142,4,138,-370,4.01519,-9.5904e+07,259200,1.04074e+06,130,305,175,184,-35,0.379816,-3.50463e+08,1.00132e+07,3.80318e+06,908,6,944.301,2451.59,838.08,879.45,S,115680,8.92,1.65,110,161,195,2009-11-26 16:12:00,0,,,,,,2023-07-05 15:55:00,?,,Sarre,,,,,,,,,,,,,,,,,,,,,,,
A926000101,A9352050,OERMINGEN,EICHEL,OERM,"Les PK ont été vérifiés en mars 2010 via la BD Carthage.
La superficie du Bassin Versant a été vérifié via l'outil décli,c compatible avec la BD Carthage, en mars 2010.",A9260001,,,,,,,,,,,,,,,,,,,,,,,,,,,,,,,,,,,,,,,,,,,,,,,,,,,,,,,,,,,,,,,,,,,,,,,,,,,,,,,,,,,,,,,,,,,,,,,,,,,,,,,,,,,,,,,,,,,,,,,,,,,86,345,259,212,-163,1.00742,-1.88881e+09,1.15878e+07,1.16738e+07,,,,,,,,,,,,,,,,,,,,,,,,,,,,,,,,,,,,,,,,,,,,,,87,306,219,201,-51,0.315204,-5.02055e+08,9.84422e+06,3.10294e+06,138,247,109,150,-53,0.327565,-3.64565e+08,6.87858e+06,2.25318e+06,,,,,,,,,,910,8,950.77,2455.4,994.94,276.84,S,367670,,0.378,,,81,2009-11-26 16:15:00,0,,,,,,2024-08-27 16:45:00,?,,Sarre,,,,,,,,,,,,,,,,,,,,,,,
